:020000040800F2
:1000000000000120116B0008A5610008AD61000827
:10001000B5610008BD610008C5610008000000006E
:10002000000000000000000000000000CD6100089A
:10003000D961000800000000E5610008F1610008D6
:10004000596B0008596B0008596B0008596B000880
:10005000596B0008596B0008596B0008596B000870
:10006000596B0008596B0008596B0008596B000860
:10007000596B0008596B0008596B0008596B000850
:10008000596B0008596B00081D620008596B000885
:10009000596B0008596B0008596B0008596B000830
:1000A000596B0008596B0008596B0008596B000820
:1000B000596B0008596B0008596B0008596B000810
:1000C000596B0008596B0008596B0008596B000800
:1000D000596B0008596B000829620008596B000829
:1000E000596B0008596B0008596B000800000000AC
:1000F0000000000000000000000000000000000000
:100100000000000000000000596B0008596B000857
:1001100035620008596B0008596B00080964000833
:10012000596B0008596B0008596B0008596B00089F
:10013000596B00080000000000000000596B000827
:10014000596B0008596B0008596B0008596B00087F
:10015000000000000000000000000000000000009F
:10016000000000000000000000000000000000008F
:10017000000000000000000000000000000000007F
:10018000000000000000000000000000000000006F
:10019000000000000000000000000000000000005F
:1001A000000000000000000000000000000000004F
:1001B000000000000000000000000000000000003F
:1001C000000000000000000000000000000000002F
:1001D000000000000000000000000000000000001F
:0401E0005FF8E0F1F3
:1001E40010B5054C237833B9044B13B10448AFF36D
:1001F40000800123237010BD600000200000000077
:10020400AC88000808B5034B1BB103490348AFF39E
:10021400008008BD0000000064000020AC880008D5
:1002240081F0004102E000BF83F0004330B54FEAA3
:1002340041044FEA430594EA050F08BF90EA020F10
:100244001FBF54EA000C55EA020C7FEA645C7FEAA3
:10025400655C00F0E2804FEA5454D4EB5555B8BFC6
:100264006D420CDD2C4480EA020281EA030382EA37
:10027400000083EA010180EA020281EA0303362DC9
:1002840088BF30BD11F0004F4FEA01314FF4801C9C
:100294004CEA113102D0404261EB410113F0004FAE
:1002A4004FEA03334CEA133302D0524263EB430365
:1002B40094EA050F00F0A780A4F10104D5F1200E03
:1002C4000DDB02FA0EFC22FA05F2801841F100015E
:1002D40003FA0EF2801843FA05F359410EE0A5F132
:1002E40020050EF1200E012A03FA0EFC28BF4CF063
:1002F400020C43FA05F3C01851EBE37101F0004519
:1003040007D54FF0000EDCF1000C7EEB00006EEB25
:100314000101B1F5801F1BD3B1F5001F0CD34908AF
:100324005FEA30004FEA3C0C04F101044FEA445206
:1003340012F5800F80F09A80BCF1004F08BF5FEA8D
:10034400500C50F1000041EB045141EA050130BD6D
:100354005FEA4C0C404141EB0101013C28BFB1F57F
:10036400801FE9D291F0000F04BF01460020B1FACA
:1003740081F308BF2033A3F10B03B3F120020CDA9D
:100384000C3208DD02F1140CC2F10C0201FA0CF07B
:1003940021FA02F10CE002F11402D8BFC2F1200CE0
:1003A40001FA02F120FA0CFCDCBF41EA0C01904096
:1003B400E41AA2BF01EB0451294330BD6FEA0404DF
:1003C4001F3C1CDA0C340EDC04F11404C4F12002CA
:1003D40020FA04F001FA02F340EA030021FA04F3DC
:1003E40045EA030130BDC4F10C04C4F1200220FA33
:1003F40002F001FA04F340EA0300294630BD21FA71
:1004040004F0294630BD94F0000F83F4801306BF36
:1004140081F480110134013D4EE77FEA645C18BF2A
:100424007FEA655C29D094EA050F08BF90EA020FC1
:1004340005D054EA000C04BF1946104630BD91EAB9
:10044400030F1EBF0021002030BD5FEA545C05D1BC
:100454004000494128BF41F0004130BD14F58004FB
:100464003CBF01F5801130BD01F0004545F0FE416F
:1004740041F470014FF0000030BD7FEA645C1ABFA4
:10048400194610467FEA655C1CBF0B46024650EADB
:10049400013406BF52EA033591EA030F41F4002107
:1004A40030BD00BF90F0000F04BF0021704730B58D
:1004B4004FF4806404F132044FF000054FF0000162
:1004C40050E700BF90F0000F04BF0021704730B523
:1004D4004FF4806404F1320410F0004548BF4042F8
:1004E4004FF000013EE700BF42004FEAE2014FEA4D
:1004F40031014FEA02701FBF12F07F4393F07F4F28
:1005040081F06051704732F07F4208BF704793F02A
:100514007F4F04BF41F40021704730B54FF460743D
:1005240001F0004521F000411CE700BF50EA010240
:1005340008BF704730B54FF000050AE050EA0102E9
:1005440008BF704730B511F0004502D5404261EB59
:1005540041014FF4806404F132045FEA915C3FF49A
:10056400D8AE4FF003025FEADC0C18BF03325FEA37
:10057400DC0C18BF033202EBDC02C2F1200300FAE8
:1005840003FC20FA02F001FA03FE40EA0E0021FA0D
:1005940002F11444BDE600BF70B54FF0FF0C4CF4FB
:1005A400E06C1CEA11541DBF1CEA135594EA0C0FAD
:1005B40095EA0C0F00F0DEF82C4481EA030621EAE8
:1005C4004C5123EA4C5350EA013518BF52EA033523
:1005D40041F4801143F4801338D0A0FB02CE4FF0D5
:1005E4000005E1FB02E506F00042E0FB03E54FF005
:1005F4000006E1FB03569CF0000F18BF4EF0010EFD
:10060400A4F1FF04B6F5007F64F5407404D25FEAF8
:100614004E0E6D4146EB060642EAC62141EA5551AB
:100624004FEAC52040EA5E504FEACE2EB4F1FD0CED
:1006340088BFBCF5E06F1ED8BEF1004F08BF5FEA6B
:10064400500E50F1000041EB045170BD06F000461D
:1006540046EA010140EA020081EA0301B4EB5C04CA
:10066400C2BFD4EB0C0541EA045170BD41F48011C2
:100674004FF0000E013C00F3AB8014F1360FDEBFE7
:10068400002001F0004170BDC4F10004203C35DAC3
:100694000C341BDC04F11404C4F1200500FA05F346
:1006A40020FA04F001FA05F240EA020001F00042E7
:1006B40021F0004110EBD37021FA04F642EB06015D
:1006C4005EEA430E08BF20EAD37070BDC4F10C0487
:1006D400C4F1200500FA04F320FA05F001FA04F24B
:1006E40040EA020001F0004110EBD37041F1000137
:1006F4005EEA430E08BF20EAD37070BDC4F1200542
:1007040000FA05F24EEA020E20FA04F301FA05F2A9
:1007140043EA020321FA04F001F0004121FA04F251
:1007240020EA020000EBD3705EEA430E08BF20EA21
:10073400D37070BD94F0000F0FD101F0004640005B
:1007440041EB010111F4801F08BF013CF7D041EADD
:10075400060195F0000F18BF704703F000465200E1
:1007640043EB030313F4801F08BF013DF7D043EAB2
:100774000603704794EA0C0F0CEA135518BF95EA68
:100784000C0F0CD050EA410618BF52EA4306D1D1EF
:1007940081EA030101F000414FF0000070BD50EA0E
:1007A400410606BF1046194652EA430619D094EA98
:1007B4000C0F02D150EA013613D195EA0C0F05D182
:1007C40052EA03361CBF104619460AD181EA0301D6
:1007D40001F0004141F0FE4141F470014FF000008E
:1007E40070BD41F0FE4141F4780170BD70B54FF029
:1007F400FF0C4CF4E06C1CEA11541DBF1CEA1355A9
:1008040094EA0C0F95EA0C0F00F0A7F8A4EB05048A
:1008140081EA030E52EA03354FEA013100F0888081
:100824004FEA03334FF0805545EA131343EA12634A
:100834004FEA022245EA111545EA10654FEA0026FF
:100844000EF000419D4208BF964244F1FD0404F5B8
:10085400407402D25B084FEA3202B61A65EB030514
:100864005B084FEA32024FF480104FF4002CB6EBD1
:10087400020E75EB030E22BFB61A754640EA0C0051
:100884005B084FEA3202B6EB020E75EB030E22BF91
:10089400B61A754640EA5C005B084FEA3202B6EBD2
:1008A400020E75EB030E22BFB61A754640EA9C0091
:1008B4005B084FEA3202B6EB020E75EB030E22BF61
:1008C400B61A754640EADC0055EA060E18D04FEA1F
:1008D400051545EA16754FEA06164FEAC30343EABF
:1008E40052734FEAC2025FEA1C1CC0D111F4801F8C
:1008F4000BD141EA00014FF000004FF0004CB6E785
:1009040011F4801F04BF01430020B4F1FD0C88BF23
:10091400BCF5E06F3FF6AFAEB5EB030C04BFB6EB2E
:10092400020C5FEA500C50F1000041EB045170BD21
:100934000EF0004E4EEA113114EB5C04C2BFD4EB4E
:100944000C0541EA045170BD41F480114FF0000ED2
:10095400013C90E645EA060E8DE60CEA135594EA4E
:100964000C0F08BF95EA0C0F3FF43BAF94EA0C0F51
:100974000AD150EA01347FF434AF95EA0C0F7FF4C6
:1009840025AF104619462CE795EA0C0F06D152EA1A
:1009940003353FF4FDAE1046194622E750EA4106FE
:1009A40018BF52EA43067FF4C5AE50EA41047FF40F
:1009B4000DAF52EA43057FF4EBAE12E74A0011D2C1
:1009C40012F5001211D20DD56FF47873B3EB6252A5
:1009D4000ED44FEAC12343F0004343EA505323FAB1
:1009E40002F070474FF00000704750EA013002D126
:1009F4004FF0FF3070474FF00000704780F0004028
:100A040002E000BF81F0004142001FBF5FEA4103E2
:100A140092EA030F7FEA226C7FEA236C6AD04FEAE2
:100A24001262D2EB1363C1BFD21841404840414027
:100A3400B8BF5B42192B88BF704710F0004F40F4D9
:100A4400000020F07F4018BF404211F0004F41F4F5
:100A5400000121F07F4118BF494292EA030F3FD0C1
:100A6400A2F1010241FA03FC10EB0C00C3F12003D4
:100A740001FA03F100F0004302D5494260EB400063
:100A8400B0F5000F13D3B0F1807F06D340084FEACE
:100A9400310102F10102FE2A51D2B1F1004F40EBC3
:100AA400C25008BF20F0010040EA0300704749002B
:100AB40040EB0000013A28BFB0F5000FEDD2B0FAC8
:100AC40080FCACF1080CB2EB0C0200FA0CF0AABFEB
:100AD40000EBC25052421843BCBFD0401843704789
:100AE40092F0000F81F4000106BF80F4000001328F
:100AF400013BB5E74FEA41037FEA226C18BF7FEA66
:100B0400236C21D092EA030F04D092F0000F08BFA7
:100B14000846704790EA010F1CBF0020704712F08E
:100B24007F4F04D1400028BF40F00040704712F1CD
:100B340000723CBF00F50000704700F0004343F032
:100B4400FE4040F4000070477FEA226216BF084668
:100B54007FEA23630146420206BF5FEA412390EA2B
:100B6400010F40F4800070474FF0000304E000BF21
:100B740010F0004348BF40425FEA000C08BF7047D2
:100B840043F0964301464FF000001CE050EA010296
:100B940008BF70474FF000030AE000BF50EA0102AB
:100BA40008BF704711F0004302D5404261EB410198
:100BB4005FEA010C02BF84460146002043F0B643BD
:100BC40008BFA3F18053A3F50003BCFA8CF2083AE2
:100BD400A3EBC25310DB01FA02FC634400FA02FCEB
:100BE400C2F12002BCF1004F20FA02F243EB0200F2
:100BF40008BF20F00100704702F1200201FA02FC54
:100C0400C2F1200250EA4C0021FA02F243EB020046
:100C140008BF20EADC7070474FF0FF0C1CEAD0528A
:100C24001EBF1CEAD15392EA0C0F93EA0C0F6FD04B
:100C34001A4480EA010C400218BF5FEA41211ED029
:100C44004FF0006343EA501043EA5111A0FB013115
:100C54000CF00040B1F5000F3EBF490041EAD371EA
:100C64005B0040EA010062F17F02FD2A1DD8B3F166
:100C7400004F40EBC25008BF20F00100704790F0D5
:100C8400000F0CF0004C08BF49024CEA502040EA27
:100C940051207F3AC2BFD2F1FF0340EAC2507047ED
:100CA40040F400004FF00003013A5DDC12F1190F2B
:100CB400DCBF00F000407047C2F10002410021FA9D
:100CC40002F1C2F1200200FA02FC5FEA310040F1B5
:100CD400000053EA4C0308BF20EADC70704792F02E
:100CE400000F00F0004C02BF400010F4000F013A66
:100CF400F9D040EA0C0093F0000F01F0004C02BF61
:100D0400490011F4000F013BF9D041EA0C018FE7CF
:100D14000CEAD15392EA0C0F18BF93EA0C0F0AD0D5
:100D240030F0004C18BF31F0004CD8D180EA0100FB
:100D340000F00040704790F0000F17BF90F0004F94
:100D4400084691F0000F91F0004F14D092EA0C0F76
:100D540001D142020FD193EA0C0F03D14B0218BF09
:100D6400084608D180EA010000F0004040F0FE404F
:100D740040F40000704740F0FE4040F440007047EB
:100D84004FF0FF0C1CEAD0521EBF1CEAD15392EA6A
:100D94000C0F93EA0C0F69D0A2EB030280EA010C5A
:100DA40049024FEA402037D04FF0805343EA1111F3
:100DB40043EA10130CF000408B4238BF5B0042F151
:100DC4007D024FF4000C8B4224BF5B1A40EA0C00F6
:100DD400B3EB510F24BFA3EB510340EA5C00B3EB28
:100DE400910F24BFA3EB910340EA9C00B3EBD10F16
:100DF40024BFA3EBD10340EADC001B0118BF5FEA68
:100E04001C1CE0D1FD2A3FF650AF8B4240EBC25090
:100E140008BF20F0010070470CF0004C4CEA502051
:100E24007F32C2BFD2F1FF0340EAC250704740F4A0
:100E340000004FF00003013A37E792F0000F00F092
:100E4400004C02BF400010F4000F013AF9D040EA10
:100E54000C0093F0000F01F0004C02BF490011F4A4
:100E6400000F013BF9D041EA0C0195E70CEAD1539C
:100E740092EA0C0F08D142027FF47DAF93EA0C0F83
:100E84007FF470AF084676E793EA0C0F04D14B0267
:100E94003FF44CAF08466EE730F0004C18BF31F019
:100EA400004CCAD130F000427FF45CAF31F0004313
:100EB4007FF43CAF5FE700BF42000ED2B2F1FE4FB9
:100EC4000BD34FF09E03B3EB126209D44FEA002315
:100ED40043F0004323FA02F070474FF000007047DC
:100EE40012F1610F01D1420202D14FF0FF3070477D
:100EF4004FF00000704700BF80B485B000AF786049
:100F04007B6803F00703FB600C4BDB68BB60BA68CB
:100F14004FF6FF031340BB60FB681A02BB68134320
:100F240043F0BF6343F40033BB60044ABB68D3603F
:100F340000BF1437BD4680BC704700BF00ED00E021
:100F440080B400AF044BDB681B0A03F007031846A8
:100F5400BD4680BC704700BF00ED00E080B483B0A4
:100F640000AF0346FB7197F90730002B0BDBFB79CD
:100F740003F01F02064997F907305B09012000FAC4
:100F840002F241F8232000BF0C37BD4680BC7047F5
:100F940000E100E080B483B000AF03463960FB7128
:100FA40097F90730002B0ADB3B68DAB20C4997F952
:100FB40007301201D2B20B4483F800230AE03B68E5
:100FC400DAB20849FB7903F00F03043B1201D2B2F1
:100FD4000B441A7600BF0C37BD4680BC704700BF77
:100FE40000E100E000ED00E080B489B000AFF860FB
:100FF400B9607A60FB6803F00703FB61FB69C3F126
:101004000703042B28BF0423BB61FB690433062BAD
:1010140002D9FB69033B00E000237B614FF0FF3200
:10102400BB6902FA03F3DA43BB681A407B699A404E
:101034004FF0FF317B6901FA03F3D9437B680B401E
:10104400134318462437BD4680BC704780B489B02A
:1010540000AFF860B9607A60FB682C331946BB684E
:1010640003F440734FF44072BA61BA6992FAA2F27F
:101074007A617A69B2FA82F2D2B2D3409B000B440D
:10108400FB61FB691A68BB6803F01F031F2101FAA7
:1010940003F3DB431A407B6803F01F01BB6803F0D2
:1010A4001F0301FA03F31A43FB691A6000BF2437D4
:1010B400BD4680BC704780B48DB000AFF860B960A5
:1010C4007A60FB680C331946BB6803F000734FF079
:1010D4000072BA61BA6992FAA2F27A617A69B2FAD2
:1010E40082F2D2B2D3409B000B44FB62FB6A1A68C3
:1010F400BB6803F0F8734FF0F8713962396A91FAFA
:10110400A1F1F961F969B1FA81F1C9B2CB400721C2
:1011140001FA03F3DB431A40BB6803F0F8734FF0A2
:10112400F871B962B96A91FAA1F17962796AB1FA8E
:1011340081F1C9B2CB40796801FA03F31A43FB6A1F
:101144001A6000BF3437BD4680BC704780B483B09A
:1011540000AF78607B689B6843F001027B689A600B
:1011640000BF0C37BD4680BC704780B483B000AF6D
:1011740078607B689B6843F004027B689A6000BFD8
:101184000C37BD4680BC704780B483B000AF786034
:101194007B689B6803F00403042B0CBF012300232A
:1011A400DBB218460C37BD4680BC704780B483B0B0
:1011B40000AF78607B689B6843F4A0027B689A6008
:1011C40000BF0C37BD4680BC7047000080B400AF40
:1011D400044B1B68034A43F48033136000BFBD46CD
:1011E40080BC70470010024080B400AF064B1B68FF
:1011F40003F40033B3F5003F0CBF01230023DBB23B
:101204001846BD4680BC70470010024080B483B0CD
:1012140000AF7860064B5B6823F0030204497B68E7
:1012240013434B6000BF0C37BD4680BC704700BF02
:101234000010024080B400AF034B5B6803F00C0362
:101244001846BD4680BC70470010024080B483B08D
:1012540000AF7860064B5B6823F0F00204497B68BA
:1012640013434B6000BF0C37BD4680BC704700BFC2
:101274000010024080B483B000AF7860064B5B6816
:1012840023F4E06204497B6813434B6000BF0C37CE
:10129400BD4680BC704700BF0010024080B483B0DC
:1012A40000AF7860064B5B6823F4605204497B68A6
:1012B40013434B6000BF0C37BD4680BC704700BF72
:1012C4000010024080B483B000AF7860064B5B68C6
:1012D40023F4404204497B6813434B6000BF0C373E
:1012E400BD4680BC704700BF0010024080B400AF10
:1012F400044B1B68034A43F08073136000BFBD4670
:1013040080BC70470010024080B400AF064B1B68DD
:1013140003F00073B3F1007F0CBF01230023DBB2A1
:101324001846BD4680BC70470010024080B483B0AC
:1013340000AF78603960114B5B6823F47C127B68E2
:1013440003F440313B680B430C4913434B600B4B94
:10135400DB6A23F4803323F00F037A6802F00F0171
:101364007A68120902F480320A4304491343CB62B7
:1013740000BF0C37BD4680BC704700BF0010024060
:1013840080B485B000AF7860084B5A6907497B6820
:1013940013434B61054B5A697B681340FB60FB6840
:1013A40000BF1437BD4680BC704700BF0010024028
:1013B40080B485B000AF7860084BDA6907497B6870
:1013C4001343CB61054BDA697B681340FB60FB6810
:1013D40000BF1437BD4680BC704700BF00100240F8
:1013E40080B485B000AF7860084B9A6907497B6880
:1013F40013438B61054B9A697B681340FB60FB6860
:1014040000BF1437BD4680BC704700BF00100240C7
:1014140080B483B000AF7860064B1B6823F00702EA
:1014240004497B6813430B6000BF0C37BD4680BC86
:10143400704700BF0020024080B400AF034B1B681C
:1014440003F007031846BD4680BC704700200240E5
:1014540080B400AF044B1B68034A43F002031360DB
:1014640000BFBD4680BC704710E000E080B400AF10
:10147400044B1B68034A23F00203136000BFBD46FC
:1014840080BC704710E000E080B483B000AF7860A7
:1014940039603B68013B0A4AD35C1A467B681344B3
:1014A4001B683A68013A06498A5C11467A680A441C
:1014B40043F00103136000BF0C37BD4680BC704786
:1014C4003C95000880B485B000AFF860B9607A60DC
:1014D400BB68013B0B4AD35C1A46FB6813441B6888
:1014E40023F02002BB68013B0649CB5C1946FB682C
:1014F4000B4419467B6813430B6000BF1437BD4689
:1015040080BC70473C95000880B485B000AFF8609B
:10151400B9607A60BB68013B0B4AD35C1A46FB682E
:1015240013441B6823F04002BB68013B0649CB5CB3
:101534001946FB680B4419467B6813430B6000BFD4
:101544001437BD4680BC70473C95000880B485B014
:1015540000AFF860B9607A60BB68013B0B4AD35CAA
:101564001A46FB6813441B6823F08002BB68013BE6
:101574000649CB5C1946FB680B4419467B68134348
:101584000B6000BF1437BD4680BC70473C95000813
:1015940080B485B000AFF860B9607A60BB68013B85
:1015A4000B4AD35C1A46FB6813441B6823F440724D
:1015B400BB68013B0649CB5C1946FB680B441946E2
:1015C4007B6813430B6000BF1437BD4680BC704773
:1015D4003C95000880B485B000AFF860B9607A60CB
:1015E400BB68013B0B4AD35C1A46FB6813441B6877
:1015F40023F44062BB68013B0649CB5C1946FB6897
:101604000B4419467B6813430B6000BF1437BD4677
:1016140080BC70473C95000880B485B000AFF8608A
:10162400B9607A60BB68013B0B4AD35C1A46FB681D
:1016340013441B6823F44052BB68013B0649CB5C4E
:101644001946FB680B4419467B6813430B6000BFC3
:101654001437BD4680BC70473C95000880B485B003
:1016640000AFF860B9607A60BB68013B0B4AD35C99
:101674001A46FB6813445B681B0C1B04BA68013AE6
:1016840006498A5C1146FA680A4411467A6813438B
:101694004B6000BF1437BD4680BC70473C950008C2
:1016A40080B485B000AFF860B9607A603B60BB6914
:1016B400102B14D1BB68013B154AD35C1A46FB6856
:1016C40013441A467B68D360BB68013B104AD35C61
:1016D4001A46FB6813441A463B68936013E0BB68E0
:1016E400013B0B4AD35C1A46FB6813441A467B68D9
:1016F4009360BB68013B064AD35C1A46FB681344FB
:101704001A463B68D36000BF1437BD4680BC70479F
:101714003C95000880B483B000AF78607B681B6898
:1017240043F001027B681A6000BF0C37BD4680BCE1
:10173400704780B483B000AF78607B681B6843F067
:1017440080027B681A6000BF0C37BD4680BC7047BE
:1017540080B483B000AF786039607B685B6823F045
:1017640070023B681A437B685A6000BF0C37BD4661
:1017740080BC704780B483B000AF78607B689B689E
:1017840023F080027B689A6000BF0C37BD4680BCA2
:10179400704780B483B000AF78607B68DB6843F047
:1017A40001027B68DA6000BF0C37BD4680BC70471D
:1017B40080B483B000AF78607B68DB6843F4005288
:1017C4007B68DA6000BF0C37BD4680BC704780B4CC
:1017D40083B000AF78607B681B6923F490427B6818
:1017E4001A617B685B6923F02A027B685A6100BF37
:1017F4000C37BD4680BC704780B483B000AF7860BE
:101804007B681B6803F04003402B0CBF01230023BB
:10181400DBB218460C37BD4680BC704780B483B039
:1018240000AF78607B681B6803F08003802B0CBFDB
:1018340001230023DBB218460C37BD4680BC704739
:1018440080B489B000AF78607B680C33FB60FB68C0
:1018540053E8003FBB60BB6843F01003FB617B6847
:101864000C33FA69BA617B617969BA6941E800238A
:101874003B613B69002BE7D100BF00BF2437BD4665
:1018840080BC704780B489B000AF78607B68143343
:10189400FB60FB6853E8003FBB60BB6843F0400358
:1018A400FB617B681433FA69BA617B617969BA694F
:1018B40041E800233B613B69002BE7D100BF00BF37
:1018C4002437BD4680BC704780B483B000AF7860D5
:1018D4000B46FB70FA787B685A6000BF0C37BD4634
:1018E40080BC704790B488B000AFF860B9607A608B
:1018F400FB681A46BB681B0E13441C462268BB686F
:101904007B617B6993FAA3F33B613B69B3FA83F38D
:10191400DBB29B000F2101FA03F3DB431A40BB68DF
:10192400FB61FB6993FAA3F3BB61BB69B3FA83F36D
:10193400DBB29B00796801FA03F31343236000BF11
:101944002037BD4690BC704780B487B000AFF860C4
:10195400B9607A60FB68DA68BB681B0ADB431A402B
:10196400BB681B0A7B617B6993FAA3F33B613B6908
:10197400B3FA83F3DBB219467B688B401A43FB68E6
:10198400DA6000BF1C37BD4680BC704780B483B0AA
:1019940000AF786039607B689B68DA433B681B0A58
:1019A40013409BB2002B0CBF01230023DBB218466B
:1019B4000C37BD4680BC704780B483B000AF7860FC
:1019C40039603B681B0A9AB27B681A6100BF0C3706
:1019D400BD4680BC704780B483B000AF7860396086
:1019E4003B681B0A9AB27B685A6100BF0C37BD463C
:1019F40080BC704780B400AF054B5B6823F0E063A4
:101A0400034A43F08073536000BFBD4680BC7047F7
:101A14000000014090B583B002AF0120FFF7E0FC65
:101A24000420FFF769FAFFF78BFA0346002203212B
:101A34001846FFF7D9FA034619466FF00B00FFF773
:101A4400A9FAFFF77DFA0346002204211846FFF79E
:101A5400CBFA034619466FF00A00FFF79BFAFFF72B
:101A64006FFA0346002203211846FFF7BDFA034626
:101A740019466FF00900FFF78DFAFFF761FA034684
:101A8400002202211846FFF7AFFA034619466FF009
:101A94000400FFF77FFAFFF753FA034600220121FF
:101AA4001846FFF7A1FA034619466FF00300FFF743
:101AB40071FAFFF745FA0346002204211846FFF79E
:101AC40093FA034619466FF00100FFF763FAFFF734
:101AD40037FA0346002204211846FFF785FA034625
:101AE40019464FF0FF30FFF755FAFFF783FF00F078
:101AF400F9FAB44B1B68184605F0F2FEFFF7A8FC90
:101B040000F078FC00F010FC00F068FB00F02CFB07
:101B1400AD48FFF73EFEAC48FFF7FCFD01F0A6FD23
:101B240004F002FA04F0DEF9A849A948FFF744FFDB
:101B3400A849A748FFF740FF41F21001A448FFF766
:101B44003BFF40F20111A448FFF736FFA349A44824
:101B5400FFF732FF40F201119D48FFF73CFF40F2CE
:101B640002219B48FFF737FF40F204419848FFF7F2
:101B740032FF40F608019648FFF72DFF99499A482D
:101B8400FFF729FF93499848FFF725FF48F28001A2
:101B94009548FFF720FF91499348FFF71CFF9349AD
:101BA4008F48FFF718FF92498D48FFF714FF08226A
:101BB40048F280018C48FFF795FE012248F280012B
:101BC4008948FFF7C1FE8B4805F0F4FF0A2004F0B2
:101BD40013FA0A2004F016F903461A46864B1A74BF
:101BE400854B1B7CFF2B2AD10021022004F0D8F85E
:101BF4000021032004F0D4F80021042004F0D0F8DC
:101C04000021052004F0CCF80021062004F0C8F8D7
:101C14000021072004F0C4F80021082004F0C0F8D3
:101C24000021092004F0BCF800210A2004F0B8F8CF
:101C340000210B2004F0B4F8704805F0BBFF0A2023
:101C440004F0DAF9022004F0DDF803461A466C4B7E
:101C54001A74032004F0D6F803461A46684B5A74E3
:101C6400042004F0CFF803461A46664B1A74052084
:101C740004F0C8F803461A46624B5A74062004F06E
:101C8400C1F803461A46604B1A74072004F0BAF8E8
:101C940003461A465C4B5A74082004F0B3F8034612
:101CA4001A465A4B1A74092004F0ACF803461A4633
:101CB400564B5A740A2004F0A5F803461A464E4BB4
:101CC4001A740B2004F09EF803461A464A4B5A74C1
:101CD4004B4B1B7C1B029BB2494A527C13449AB265
:101CE400474B9A81474B1B7C1B029BB2454A527C53
:101CF40013449AB2434B9A81434B1B7C1B029BB205
:101D0400414A527C13449AB23F4B9A813F4B1B7C0D
:101D14001B029BB23D4A527C13449AB23B4B9A81BC
:101D2400354B1B7C1B029BB2334A527C13449AB240
:101D3400314B9A81324B9B891946324B9B89184609
:101D4400314B9B891C46314B9B891A462A4B9B89F4
:101D540001930092234602462D4805F0C3FE254810
:101D640005F028FF0A2004F047F920491E48FFF730
:101D74000DFE0346012B07D1264805F01BFF264B19
:101D840001225A8001F00CFB01F098FD01F022FEC3
:101D940040F204411248FFF7F9FD0346012B41D1FB
:101DA4001E4805F007FF0021002000F051FC034607
:101DB400012B02D11A4B01221A80012003F020FCCE
:101DC40054E100BF000000200014004080008004A3
:101DD4000018014040004004000C014001000104CF
:101DE40000140140200020040010014002000204FD
:101DF40004000404C4880008E0010020D08800081E
:101E040098010020F8010020C801002014020020DD
:101E1400E0880008188900087C0000204C8900082C
:101E24007001002040F202219A48FFF7AFFD0346FB
:101E3400012B22D198499948FFF7A8FD0346002BAE
:101E44001BD10A2004F0D8F893499448FFF79EFD6B
:101E54000346002B40F00A81914805F0ABFE0021B7
:101E6400002000F09BFC0346012B02D18D4B022283
:101E74001A80012003F0C4FBF8E040F20111854808
:101E8400FFF784FD0346012B22D187498348FFF7DE
:101E94007DFD0346002B1BD10A2004F0ADF88249D6
:101EA4007E48FFF773FD0346002B40F0DF807F4838
:101EB40005F080FE0021002000F024FD0346012BE4
:101EC40002D1784B03221A80012003F099FBCDE064
:101ED40077497848FFF75AFD0346012B10D176481D
:101EE40005F068FE0021002000F08EFD0346012B62
:101EF40002D16C4B04221A80012003F081FBB5E06F
:101F04006E496648FFF742FD0346012B10D16C4829
:101F140005F050FE0021002000F048FE0346012B8E
:101F240002D1684B05221A80022003F069FB9DE070
:101F34005D495A48FFF72AFD0346012B24D140F29C
:101F440001115448FFF722FD0346002B1CD10A203F
:101F540004F052F840F201114E48FFF717FD034612
:101F6400002B40F08380584805F024FE0021002017
:101F740000F0C0FE0346012B02D1524B06221A8008
:101F8400022003F03DFB71E043494448FFF7FEFCA7
:101F94000346012B23D140F202213E48FFF7F6FC11
:101FA4000346002B1BD10A2004F026F840F202213C
:101FB4003848FFF7EBFC0346002B57D1434805F0A4
:101FC400F9FD0021002000F041FF0346012B02D15E
:101FD4003C4B07221A80022003F012FB46E03C49E6
:101FE4002E48FFF7D3FC0346012B10D1394805F0E6
:101FF400E1FD0021002000F0ABFF0346012B02D1DC
:10200400304B08221A80022003F0FAFA2EE022490B
:102014002848FFF7BBFC0346012B10D12E4805F0DE
:10202400C9FD0021002001F05DF80346012B02D117
:10203400244B09221A80042003F0E2FA16E0244912
:102044001C48FFF7A3FC0346012B0FD1234805F0DE
:10205400B1FD0021002001F0F3F80346012B02D169
:10206400184B0A221A80042003F0CAFA42F2200113
:102074001B48FFF78BFC0346002B06D1094B5B88FA
:1020840043F004039AB2074B5A80064B01225A804C
:102094007AE600BF00140140020002040008014077
:1020A40054890008700100200400040460890008B9
:1020B400100010040010014068890008080008049A
:1020C4007089000878010020788900088489000854
:1020D400010001048C89000894890008A089000883
:1020E4000018014080B500AF0220FFF791F900BF4E
:1020F400FFF7A2F90346022BFAD1FFF767F800BFF6
:10210400FFF772F80346012BFAD14FF4E0114FF4B4
:102114008030FFF70BF9FFF7E9F800BFFFF7F4F899
:102124000346012BFAD10020FFF790F84FF48060AA
:10213400FFF7A0F84FF42050FFF7B0F80220FFF7A4
:1021440065F800BFFFF776F80346082BFAD1054877
:1021540005F0C6FB034805F0F5FB0020FFF7B2F8D5
:1021640000BF80BD00A24A0480B586B000AF3B1D0D
:1021740000221A605A609A60DA601A612020FFF720
:1021840017F9FEF7DDFE0346002200211846FEF78C
:102194002BFF034619463720FEF7FCFE3720FEF7D7
:1021A400DDFE4723BB800023BB604FF47A73FB60E2
:1021B4003B1D1946084805F009FA0748FFF7B9FA24
:1021C40000210548FFF7C4FA0348FFF7D3FA00BF1C
:1021D4001837BD4680BD00BF0014004080B58EB0E6
:1021E40002AF07F1140300221A605A609A60DA60A1
:1021F4001A615A619A613B4600221A605A609A60D9
:10220400DA601A614FF40020FFF7D2F81020FFF7CC
:10221400E7F83E4B3B6009237B600323BB6000234C
:10222400FB603B4619463A4804F0C5FF394B3B6016
:1022340004237B603B461946354804F0BCFFFEF797
:102244007FFE0346002201211846FEF7CDFE034619
:1022540019463420FEF79EFE3420FEF77FFE4FF42D
:10226400E1337B610023BB610023FB6100233B62FC
:102274000C237B620023BB6207F114031946264832
:1022840005F0A2FA2448FFF7A2FA2348FFF790FAD0
:102294000220FFF775F8214A002300931346204AD1
:1022A40003212048FFF7FCF9402203211D48FFF7D2
:1022B400D5F9202203211B48FFF704F9002203214A
:1022C4001848FFF721F9802203211648FFF73EF949
:1022D400002203211348FFF77DF90022032111484E
:1022E400FFF756F94FF4005203210E48FFF794F913
:1022F4000948FFF7C7FA0848FFF7A2FA032109487B
:10230400FFF7C2F800BF3037BD4680BD04000404A7
:102314000010014008000804004C0040880200201E
:10232400044C00400004024080B58CB000AF07F1BB
:10233400140300221A605A609A60DA601A615A61C2
:102344009A613B4600221A605A609A60DA601A6108
:102354004FF40030FFF72CF80420FFF741F840F267
:1023640004433B6009237B600323BB600023FB60C1
:102374003B4619461D4804F01EFF40F608033B6027
:1023840004237B603B461946184804F014FFFEF70B
:10239400D7FD0346002203211846FEF725FE034617
:1023A40019462620FEF7F6FD2620FEF7D7FD4FF44A
:1023B400E1337B610023BB610023FB6100233B62AB
:1023C4000C237B620023BB620023FB6207F114032E
:1023D4001946074805F0F8F90548FFF7F8F90448E5
:1023E400FFF7E6F900BF3037BD4680BD0008014065
:1023F4000044004080B586B000AF3B1D00221A6047
:102404005A609A60DA601A614020FEF7E9FF1020F2
:10241400FEF7E6FF0420FEF7E3FF0820FEF7E0FFE7
:102424002020FEF7DDFF78497848FFF7D4FA784991
:102434007848FFF7D0FA78497848FFF7CCFA78491A
:102444007248FFF7C8FA77497748FFF7C4FA774923
:102454006E48FFF7B1FA6C4B7B600123BB6002232B
:10246400FB6000233B613B1D1946684804F0A3FE52
:1024740042F220037B600423BB603B1D1946634882
:1024840004F099FE624B7B600123BB600223FB6076
:1024940000233B613B1D19465E4804F08CFE40F26C
:1024A40001137B600123BB600223FB6000233B61BB
:1024B40001237B613B1D1946584804F07CFE40F221
:1024C40004437B600423BB603B1D1946534804F05E
:1024D40072FE574B7B600823BB6001237B613B1D6D
:1024E40019464A4804F067FE524B7B600823BB60E0
:1024F40000237B613B1D19464F4804F05CFE4F4BA3
:102504007B600123BB600323FB6000233B613B1D15
:1025140019463E4804F04FFE444B7B600123BB60E8
:102524000223FB6000233B613B1D19463B4804F03A
:1025340042FE3C4B7B600123BB600223FB60002313
:102544003B613B1D1946384804F035FE3C4B7B602B
:102554000423BB603B1D1946334804F02CFE4CF2A7
:10256400C0037B600823BB6001237B613B1D1946CC
:10257400284804F020FE334B7B600823BB60002313
:102584007B613B1D19462C4804F015FE2E4B7B60E5
:102594000823BB6000237B613B1D19461D4804F0E2
:1025A4000AFE2A4B7B600823BB6000237B613B1D32
:1025B4001946184804F0FFFD40F207737B600823B6
:1025C400BB6000237B613B1D1946174804F0F3FDF3
:1025D40042F628037B600823BB6001237B613B1D1B
:1025E4001946114804F0E7FD42F220037B600823FA
:1025F400BB6001237B613B1D1946084804F0DBFDE9
:1026040000BF1837BD4680BD9F9F010400180140DC
:10261400600060040010014041014004000C0140CE
:1026240080008004070007040014014040004004B7
:102634002C002C040F000F0400080140C000C0044B
:102644000800080404000404030003041000100438
:1026540080B584B000AF03460A46FB711346BB80C5
:102664000023FB730023BB8142F220013F48FFF7A4
:102674008DF90346002B06D13D4B1B78DBB2002BB2
:1026840001D100236EE0BB880A2B3A4B4FF47A52F7
:102694005A8040F201113848FFF78EF940F20221C6
:1026A4003548FFF789F9354B5B891946344805F0FD
:1026B40019FABB890133BB81BB8942F21072934280
:1026C40007D12E4B5B8919462E4805F00BFA0023DF
:1026D400BB81FB79012B15D1284B5B89BA889A42BF
:1026E40006D3264B5B891946274805F0FBF92AE0F7
:1026F400204B5B88002BDCD1244805F05BFA0123D6
:10270400FB7320E042F220011848FFF73FF903462B
:10271400002B06D1194B5B8919461D4805F0E2F9D7
:1027240011E040F204411B48FFF730F90346002B47
:1027340003D1194805F03EFA05E00E4B5B88002BE7
:10274400B7D10123FB7340F201110B48FFF743F9A2
:1027540000BF40F204410F48FFF718F90346012B6C
:10276400F7D0FB7B18461037BD4680BD000C0140F6
:102774004802002084000020001801409801002035
:10278400AC890008CC890008D8890008048A0008AC
:10279400108A0008001401402C8A000880B584B017
:1027A40000AF03460A46FB711346BB800023FB734C
:1027B4000023BB8142F220014748FFF7E7F80346B4
:1027C400002B06D1454B1B78DBB2002B01D1002333
:1027D4007DE0BB880A2B424B4FF47A525A8040F278
:1027E40001114048FFF7E8F840F202213D48FFF7A5
:1027F400F2F83D4B5B8919463C4805F073F9BB89F7
:102804000133BB81BB8942F21072934207D1364B2C
:102814005B891946364805F065F90023BB81FB79CD
:10282400012B24D1304B5B89BA889A4206D82E4BAF
:102834005B8919462F4805F055F939E042F2200129
:102844002548FFF7A3F80346002B06D1264B5B89E6
:102854001946294805F046F92AE0214B5B88002BEC
:10286400CDD1264805F0A6F90123FB7320E042F2FE
:1028740020011948FFF78AF80346002B06D11A4BAA
:102884005B8919461C4805F02DF911E040F202213C
:102894001148FFF77BF80346002B03D1184805F0D5
:1028A40089F905E00E4B5B88002BA8D10123FB734B
:1028B40040F201110B48FFF78EF800BF40F20221ED
:1028C4000548FFF763F80346012BF7D0FB7B184656
:1028D4001037BD4680BD00BF0014014048020020EF
:1028E400840000200018014098010020488A000854
:1028F400CC890008688A0008948A0008048A0008C1
:10290400B08A000880B584B000AF03460A46FB7164
:102914001346BB800023FB730023BB81304B45F679
:10292400C0525A8048F280012E48FFF745F82E49DC
:102934002C48FFF750F82D4B5B8919462C4805F0BD
:10294400D1F8BB890133BB81BB8942F21072934237
:1029540007D1264B5B891946264805F0C3F80023A6
:10296400BB81FB79012B15D1204B5B89BA889A4234
:1029740006D81E4B5B8919461F4805F0B3F81BE0C7
:10298400174B5B88002BDCD11C4805F013F901239D
:10299400FB7311E040F201111948FEF7F7FF0346FB
:1029A400002B03D1174805F005F905E00C4B5B88B3
:1029B400002BC6D10123FB7348F280010948FFF7BD
:1029C4000AF800BF40F201110D48FEF7DFFF03468D
:1029D400012BF7D0FB7B18461037BD4680BD00BFE6
:1029E4008C0000200018014001000104F8010020BF
:1029F400CC8A0008E48A0008688A0008048A00086F
:102A040000140140F08A000880B584B000AF03468A
:102A14000A46FB711346BB800023FB730023BB8172
:102A240000237B8140F608015248FEF7AFFF0346BE
:102A3400002B06D1504B1B78DBB2002B01D10023B5
:102A440093E04E4B45F6C0525A804D4B5B897B81D7
:102A540048F280014B48FEF7AFFF4B494948FEF767
:102A6400ABFF474B5B891946484805F03BF8BB89E7
:102A74000133BB81BB8942F21072934207D1404BB0
:102A84005B891946424805F02DF80023BB81FB7988
:102A9400012B4BD13A4B5B89BA889A4206D3384B07
:102AA4005B8919463B4805F01DF850E0BB88002BB4
:102AB40032D1334B5B897A899A4219D1304B1B7ED0
:102AC400002B07D12E4B40F6B832DA822C4B012270
:102AD4001A7617E02A4BDB8A002B13D1284B0022ED
:102AE4001A76274B5B8919462B4804F0FBFF2EE02E
:102AF400234B5B897B81224B40F6B832DA82204B30
:102B040001221A761D4B5B88002BB0D1234805F0B7
:102B140051F80123FB731AE0184B5B88002BA6D1F4
:102B24001E4805F047F80123FB7310E01C491D48BB
:102B3400FEF72CFF0346002B03D11B4805F03AF89F
:102B440005E00E4B5B88002B91D10123FB7348F207
:102B540080010C48FEF73FFF00BF11491148FEF702
:102B640015FF0346012BF8D0FB7B18461037BD46F2
:102B740080BD00BF00140140480200208C000020EA
:102B8400F801002000180140010001040C8B00082A
:102B9400E48A0008288B0008588B0008048A00087F
:102BA40010001004001001407C8B000880B584B034
:102BB40000AF03460A46FB711346BB800023FB7338
:102BC4000023BB813E493F48FEF7E0FE0346002B4D
:102BD40006D13D4B1B78DBB2002B01D100236BE007
:102BE400BB880A2B394B4FF47A525A8040F2044185
:102BF4003448FEF7E1FE40F608013248FEF7EBFEEA
:102C0400334B5B891946334804F06CFFBB890133AD
:102C1400BB81BB8942F21072934207D12C4B5B8972
:102C240019462D4804F05EFF0023BB81FB79012B7C
:102C340015D1274B5B89BA889A4206D3244B5B890A
:102C44001946264804F04EFF28E0204B5B88002BF1
:102C5400DCD1234804F0AEFF0123FB731EE01849C6
:102C64001848FEF793FE0346002B06D1184B5B89E8
:102C740019461C4804F036FF10E01B491B48FEF7B8
:102C840085FE0346002B03D1194804F093FF05E0A9
:102C94000E4B5B88002BB9D10123FB7340F2044136
:102CA4000848FEF798FE00BF0F491048FEF76EFE75
:102CB4000346012BF8D0FB7B18461037BD4680BD78
:102CC400040004040018014048020020940000207D
:102CD400C8010020988B0008B88B0008D889000828
:102CE400048A0008C48B0008080008040008014096
:102CF400E08B000880B584B000AF03460A46FB7140
:102D04001346BB800023FB730023BB814349444823
:102D1400FEF73CFE0346002B01D1002379E0BB887B
:102D24000A2B404B4FF47A525A8040F204413C48FB
:102D3400FEF742FE40F608013948FEF73DFE3A4BE5
:102D44005B891946394804F0CDFEBB890133BB8148
:102D5400BB8942F21072934207D1334B5B89194607
:102D6400334804F0BFFE0023BB81FB79012B23D140
:102D74002D4B5B89BA889A4206D82B4B5B8919463E
:102D84002C4804F0AFFE36E024492548FEF7FEFD4A
:102D94000346002B06D1244B5B891946264804F0D0
:102DA400A1FE28E01F4B5B88002BCED1234804F002
:102DB40001FF0123FB731EE018491948FEF7E6FDE5
:102DC4000346002B06D1184B5B8919461A4804F0B8
:102DD40089FE10E01A491B48FEF7D8FD0346002B74
:102DE40003D1194804F0E6FE05E00E4B5B88002B86
:102DF400ABD10123FB7340F204410948FEF7EBFD1C
:102E040000BF0F490F48FEF7C1FD0346012BF8D060
:102E1400FB7B18461037BD4680BD00BF0800080480
:102E24000018014094000020C8010020FC8B000819
:102E3400B88B0008688A00081C8C0008048A000803
:102E44000400040400080140388C000880B584B0F4
:102E540000AF03460A46FB711346BB800023FB7395
:102E64000023BB812E4B45F6C0525A802D492E4873
:102E7400FEF7A2FD2D492C48FEF79EFD2C4B5B89E5
:102E840019462C4804F02EFEBB890133BB81BB8953
:102E940042F21072934207D1254B5B8919462648AA
:102EA40004F020FE0023BB81FB79012B15D1204BBC
:102EB4005B89BA889A4206D81D4B5B8919461F481C
:102EC40004F010FE1AE0164B5B88002BDCD11C4882
:102ED40004F070FE0123FB7310E01A491A48FEF750
:102EE40055FD0346002B03D1184804F063FE05E0AA
:102EF4000B4B5B88002BC7D10123FB7309490A489C
:102F0400FEF769FD00BF0F490F48FEF73FFD03467A
:102F1400012BF8D0FB7B18461037BD4680BD00BF9F
:102F24009C000020200020040010014040004004C8
:102F340014020020548C0008708C00087C8C00085B
:102F4400048A00080200020400080140A48C00085E
:102F540080B584B000AF03460A46FB711346BB80BC
:102F64000023FB730023BB8100237B814F4950481E
:102F7400FEF70CFD0346002B01D1002391E04D4BDD
:102F840045F6C0525A804C4B5B897B8147494B487C
:102F9400FEF712FD4A494948FEF71DFD464B5B8981
:102FA4001946484804F09EFDBB890133BB81BB89A7
:102FB40042F21072934207D13F4B5B891946424853
:102FC40004F090FD0023BB81FB79012B4BD13A4BDC
:102FD4005B89BA889A4206D3374B5B8919463B48CA
:102FE40004F080FD50E0BB88002B32D1324B5B896A
:102FF4007A899A4219D1304B1B7E002B07D12E4B74
:1030040040F6B832DA822C4B01221A7617E02A4BAA
:10301400DB8A002B13D1284B00221A76264B5B89BE
:1030240019462B4804F05EFD2EE0234B5B897B811F
:10303400214B40F6B832DA821F4B01221A761D4B1F
:103044005B88002BB0D1234804F0B4FD0123FB734B
:103054001AE0184B5B88002BA6D11E4804F0AAFD89
:103064000123FB7310E01C491C48FEF78FFC034648
:10307400002B03D11A4804F09DFD05E00D4B5B883D
:10308400002B91D10123FB7308490C48FEF7A3FCE4
:1030940000BF11491148FEF779FC0346012BF8D013
:1030A400FB7B18461037BD4680BD00BF20002004BE
:1030B400001801409C000020140200200010014070
:1030C40040004004C08C0008708C0008DC8C0008B0
:1030D400048D0008048A000801000104000801406E
:1030E400288D000880B584B000AF03460A46FB7102
:1030F4001346BB800023FB730023BB81BB880A2BD0
:1031040048F280014248FEF741FC0346002B01D1FE
:10311400002379E03F4B46F678125A803E493F48F7
:10312400FEF74AFC3E493D48FEF755FC3D4B5B89A2
:1031340019463D4804F0D6FCBB890133BB81BB89E9
:1031440042F21072934207D1364B5B8919463748D5
:1031540004F0C8FC0023BB81FB79012B24D1314B43
:103164005B89BA889A4206D82E4B5B891946304847
:1031740004F0B8FC3BE048F280012548FEF706FC69
:103184000346002B06D1274B5B891946294804F0D6
:10319400A9FC2CE01F4B5B88002BCDD1264804F002
:1031A40009FD0123FB7322E048F280011848FEF771
:1031B400EDFB0346002B06D11A4B5B8919461D48CB
:1031C40004F090FC13E014491148FEF7DFFB0346BA
:1031D400002B03D1194804F0EDFC08E00D4B5B888B
:1031E400002BA9D1144804F0E5FC0123FB730A4920
:1031F4000A48FEF7F0FB00BF07490548FEF7C6FB87
:103204000346012BF8D0FB7B18461037BD4680BD22
:1032140000100140A4000020020002040014014038
:1032240004000404E0010020448D0008588D0008C7
:10323400648D0008848D0008048A0008A08D0008AD
:1032440080B584B000AF03460A46FB711346BB80C9
:103254000023FB730023BB8144F240014348FEF783
:1032640095FB0346002B01D100237BE0BB880A2B8E
:103274003F4B46F678125A803E493F48FEF79CFB86
:103284003E493D48FEF798FB3D4B5B8919463D4856
:1032940004F028FCBB890133BB81BB8942F2107264
:1032A400934207D1364B5B891946374804F01AFC20
:1032B4000023BB81FB79012B24D1314B5B89BA8874
:1032C4009A4206D32E4B5B891946304804F00AFC17
:1032D4003BE044F240012548FEF758FB0346002B2F
:1032E40006D1274B5B891946294804F0FBFB2CE0E7
:1032F4001F4B5B88002BCDD1264804F05BFC0123D7
:10330400FB7322E044F240011848FEF73FFB0346FA
:10331400002B06D11A4B5B8919461D4804F0E2FBC9
:1033240013E01D491148FEF731FB0346002B03D17E
:103334001A4804F03FFC08E00D4B5B88002BA9D130
:10334400144804F037FC0123FB730A490A48FEF7CA
:1033540042FB00BF10490548FEF718FB0346012B4A
:10336400F8D0FB7B18461037BD4680BD00100140E5
:10337400A40000200200020400140140040004041C
:10338400E0010020B88D0008588D0008D08D000899
:10339400F48D0008048A000801000104108E00085E
:1033A40080B500AF00BF88498848FEF7EFFA0346AE
:1033B400012BF8D0642002F01FFE40F2044184483F
:1033C400FEF7E4FA0346012B08D1824804F0F2FB2D
:1033D400814B5B891946814804F084FB40F2022149
:1033E4007B48FEF7D3FA0346012B09D176497C4882
:1033F400FEF7CCFA0346002B02D17A4804F0DAFB3C
:1034040040F201117248FEF7C1FA0346012B15D1AF
:1034140075497348FEF7BAFA0346002B0ED1734878
:1034240004F0C8FB724B5B891946724804F05AFBDE
:10343400714B5B891946714804F054FB7049634829
:10344400FEF7A4FA0346012B02D16E4804F0B2FB46
:103454006D496348FEF79AFA0346012B08D16B487D
:1034640004F0A8FB6A4B5B8919466A4804F03AFBEE
:103474005D495B48FEF78AFA0346012B0AD140F204
:1034840001115348FEF782FA0346002B02D1624829
:1034940004F090FB4C495248FEF778FA0346012B9E
:1034A40016D140F202214A48FEF770FA0346002B77
:1034B4000ED15A4804F07EFB594B5B8919464D489E
:1034C40004F010FB574B5B891946574804F00AFB7C
:1034D40056494348FEF75AFA0346012B02D1544891
:1034E40004F068FB38493948FEF750FA0346012BCB
:1034F40008D1504804F05EFB4F4B5B8919464F4896
:1035040004F0F0FA49493148FEF740FA0346012B2A
:1035140002D14B4804F04EFB42F220014948FEF729
:1035240035FA0346002B02D1474804F043FB42F22C
:1035340020012748FEF72AFA0346002B02D143480C
:1035440004F038FB40F608012148FEF71FFA034651
:10355400002B02D13E4804F02DFB23493D48FEF7E1
:1035640015FA0346002B02D13B4804F023FB2649FD
:103574003848FEF70BFA0346002B02D1374804F013
:1035840019FB37493348FEF701FA0346002B02D1F1
:103594002F4804F00FFB48F280010C48FEF7F6F9BF
:1035A4000346002B02D12F4804F004FB44F24001EF
:1035B4000648FEF7EBF90346002B7FF4FBAE2A48DE
:1035C40004F0F8FAF6E600BF02000204001001401D
:1035D400001401402C8E000898010020408E000841
:1035E40000080140648E000804000404788E00087A
:1035F400800100208C8E0008F8010020AC8E0008A9
:1036040010001004D48E000808000804E88E000896
:10361400C8010020FC8E0008208F0008348F0008A9
:10362400B001002014020020488F000801000104AA
:10363400708F0008848F0008E0010020948F000838
:10364400B48F0008000C0140C88F0008DC8F00080C
:10365400F48F0008001801400C9000082090000826
:1036640020002004389000084C90000880B592B0E7
:1036740000AF4FF40070FDF7B3FE0120FDF780FEAC
:103684001020FDF7ADFE0420FDF7AAFE002240F253
:1036940001117C48FEF726F9002240F20221794804
:1036A400FEF720F9002240F204417648FEF71AF9A9
:1036B400002240F608017348FEF714F9002241F293
:1036C40010017048FEF70EF9002240F201116E4815
:1036D400FEF708F9002241F210016B48FEF702F9E7
:1036E400002242F220016848FEF7FCF8002244F26E
:1036F40040016548FEF7F6F8002248F2800162486E
:10370400FEF7F0F807F13C0300221A605A60002328
:10371400FB634FF480733B6407F13C0319465B4839
:1037240003F03DFA07F1280300221A605A609A60F8
:10373400DA601A614FF46023BB624FF41003FB623A
:1037440002237B634FF48073BB6307F1280319469C
:103754004E4803F04BFA0A224FF400714B48FDF730
:1037640075FC4B4A40F205214848FDF76FFC494A75
:1037740040F20A214548FDF769FC474A40F20F210F
:103784004248FDF763FC454A4FF405713F48FDF795
:103794005DFC4FF0007240F219213C48FDF756FCE5
:1037A4003F4A4FF480713948FDF750FC3D4A40F2DE
:1037B40005113648FDF74AFC3B4A4FF485713348FE
:1037C400FDF744FC394A40F20F113048FDF73EFC46
:1037D400002387F847300CE097F847300A3301227A
:1037E40019462A48FDF767FC97F84730013387F8F4
:1037F400473097F84730092BEED92448FDF7A6FC4B
:10380400012004F07BF82148FDF7AFFC00BF1F48FE
:10381400FDF7BAFC0346002BF9D1012004F06EF841
:103824000121234803F0F8FA3B46282200211846D8
:1038340004F0A0FA1F4B3B601F4B7B600023BB606E
:103844002023FB6000233B6180237B614FF4807362
:10385400BB614FF48063FB610A233B624FF4005366
:103864007B623B461A460121114803F0B3FB012158
:103874000F48FDF709FE0548FDF798FC00BF4837DF
:10388400BD4680BD001001400008014000240140F5
:103894000B0030000C0060000D0090000E00C00012
:1038A4000400C0020500F0020600200307005003D4
:1038B400000002404C2401403402002080B582B054
:1038C40000AF0023FB710023BB713E4B93F88330A0
:1038D400012B4BD13B4B9B787B713A4B1B78F12BE3
:1038E40037D17B790433374AD35CF42B31D10323AA
:1038F400BB7108E0BB79334AD25CFB791344FB719A
:10390400BB790133BB717B799A1CBB799A42F1DA9A
:103914007B7903332B4AD35CFA799A4208D1294B39
:10392400DB781946284804F0DDF800F00BF902E0D2
:10393400264804F03FF91E220021224804F01AFA16
:10394400204B0022A3F880201E4B002283F8832002
:103954000CE01E2200211B4804F00CFA194B002233
:10396400A3F88020174B002283F88320154B93F88B
:103974008430012B21D1134BB3F88630002B1CD19A
:10398400104B93F888300133DAB20E4B83F8882059
:103994000C4B93F88830022B0FD90A4B93F88830DC
:1039A40019460B4804F09EF8064B002283F8842045
:1039B400044B002283F8882000BF00BF0837BD46AF
:1039C40080BD00BF4C020020609000087890000881
:1039D4008890000880B500AF554B1B79002B1DD093
:1039E400534B1B79012B04D10121012001F0CCF8A8
:1039F40011E04F4B1B79022B04D10121012001F06E
:103A0400C3F808E04A4B1B79032B04D1002202219E
:103A1400012002F00DF8464B00221A71454B1B7928
:103A2400002B1DD0434B1B79012B04D10121012014
:103A340001F0AAF811E03F4B1B79022B04D10121BC
:103A4400012001F0A1F808E03A4B1B79032B04D1C3
:103A540000220221012001F0EBFF364B00221A71F3
:103A6400354B1B79002B1DD0334B1B79012B04D113
:103A74000121012001F088F811E02F4B1B79022B62
:103A840004D10121012001F07FF808E02A4B1B79C1
:103A9400032B04D100220221022001F0C9FF264B8E
:103AA40000221A71254B1B79002B1DD0234B1B7947
:103AB400012B04D10121012001F066F811E01F4B14
:103AC4001B79022B04D10121012001F05DF808E0EB
:103AD4001A4B1B79032B04D100220221022001F08E
:103AE400A7FF164B00221A71154B1B79002B1DD012
:103AF400134B1B79012B04D10121012001F044F85F
:103B040011E00F4B1B79022B04D10121012001F09C
:103B14003BF808E00A4B1B79032B04D10022022155
:103B2400042001F085FF064B00221A7100BF80BDFE
:103B3400840000208C000020940000209C000020C1
:103B4400A400002090B583B000AF0023FB71A64B06
:103B5400DB784A2B16DC452BC0F22A87453B052B24
:103B640000F2268701A252F823F000BF933B00081D
:103B7400813F0008B54900089549000875490008C7
:103B840035490008752B00F0E98600F011BF964B0B
:103B94005A79964B1A71944B9A79944B5A71002224
:103BA4000021002000F020FF904B1B7919468F4B19
:103BB4005B791A468E4803F095FF8C4B1B79012BD9
:103BC40040F0A680894B5B79012B4ED14FF6FF71F3
:103BD4000120FEF7E3FD0346002B08D0834B1B793D
:103BE40000220421184601F023FF00F0E3BE814BBC
:103BF4005A89804B9A817F4B9B891B0A9BB2DAB20C
:103C04007C4B1A747B4B9B89DAB27A4B5A74794B8E
:103C14001B7C1946022002F027F9764B5B7C19467F
:103C2400032002F021F9142002F0E6F9022002F048
:103C34002DF903461C46032002F028F903461A46D0
:103C440021466D4803F04EFF6A4B9B8919466B4829
:103C540003F048FF654B1B79644A5179654A9289A0
:103C6400184600F0C1FE00F0A5BE604B5B79022B44
:103C740040F0A08600210120FEF7C6FE0346002B7B
:103C840008D05A4B1B7900220421184601F0D0FEBB
:103C940000F090BE5A4B5A89594B9A81584B9B89D4
:103CA4001B0A9BB2DAB2564B1A74554B9B89DAB293
:103CB400534B5A74524B1B7C1946042002F0D4F81F
:103CC4004F4B5B7C1946052002F0CEF8142002F01D
:103CD40093F9042002F0DAF803461C46052002F0AA
:103CE400D5F803461A462146464803F0FBFE444BEA
:103CF4009B891946444803F0F5FE3C4B1B793B4A2B
:103D040051793F4A9289184600F06EFE00F052BE87
:103D1400364B1B79022B40F0BD80344B5B79012B71
:103D24004CD14FF6FF710120FEF7E4FF0346002B50
:103D340006D000220421022001F07AFE00F03CBEED
:103D4400324B5A89314B9A81304B9B891B0A9BB267
:103D5400DAB22E4B1A742D4B9B89DAB22B4B5A7460
:103D64002A4B1B7C1946062002F07EF8274B5B7C0D
:103D74001946072002F078F8142002F03DF90620D5
:103D840002F084F803461C46072002F07FF803463D
:103D94001A4621461E4803F0A5FE1C4B9B89194672
:103DA4001C4803F09FFE114B1B79104A5179174AA6
:103DB4009289184600F018FE00F0FEBD0B4B5B79AB
:103DC400022B40F0F98500210120FFF7C1F80346DA
:103DD400002B21D0054B1B7900220421184601F049
:103DE40027FE00F0E9BD00BF4C0200207C0000204B
:103DF4009890000898010020A8900008D49000082A
:103E0400F8010020F890000824910008C80100205F
:103E14004891000874910008A34B5A89A24B9A81D7
:103E2400A14B9B891B0A9BB2DAB29F4B1A749E4B1F
:103E34009B89DAB29C4B5A749B4B1B7C1946082015
:103E440002F012F8984B5B7C1946092002F00CF83A
:103E5400142002F0D1F8082002F018F803461C469A
:103E6400092002F013F803461A4621468F4803F04E
:103E740039FE8D4B9B8919468D4803F033FE8D4BDB
:103E84001B798C4A5179884A9289184600F0ACFD16
:103E940000F092BD874B1B79042B4BD100210120EC
:103EA400FFF7CEF90346002B06D00022042101209F
:103EB40001F0BEFD00F085BD7F4B5A897E4B9A818F
:103EC4007D4B9B891B0A9BB2DAB27B4B1A747A4BEB
:103ED4009B89DAB2784B5A74774B1B7C19460A20BB
:103EE40001F0C2FF744B5B7C19460B2001F0BCFF50
:103EF400142002F081F80A2001F0C8FF03461C4692
:103F04000B2001F0C3FF03461A4621466B4803F019
:103F1400E9FD694B9B891946694803F0E3FD654B4C
:103F24001B79644A5179644A9289184600F05CFD11
:103F340000F047BD5F4B1B79102B0DD1614BFA226A
:103F44009A815C4B1B795B4A51795E4A9289184687
:103F540000F04AFD00F035BD564B1B79202B0DD1E6
:103F6400594BFA229A81534B1B79524A5179564A3A
:103F74009289184600F038FD00F023BD514BFA2217
:103F84009A81514BFA229A81504B5A79494B1A71B2
:103F94004E4B5B7919464E4803F0A4FD00210020E6
:103FA40000F0F2FD434B1B79022B40F0A1804948FD
:103FB40003F000FE42F220014748FDF7E7FC034608
:103FC400002B0DD0454B4FF47A525A8040F2011128
:103FD4004348FDF7F1FC40F202214148FDF7FBFCA8
:103FE40040F608013C48FDF7D1FC0346002B0CD0F9
:103FF4003C4B45F6C0525A8048F280013848FDF7E0
:10400400DBFC39493648FDF7D7FC42F2200132483F
:10401400FDF7BCFC0346002B04D140F201113048EB
:10402400FDF7D9FC314B5B891A46304B9B89013330
:104034009A4204DC48F280012948FDF7CCFC42F2A4
:1040440020012548FDF7A2FC0346002B12D1274B83
:104054005B891A46254B9B8901339A420ADC40F25C
:1040640001111F48FDF7B7FC48F280011C48FDF719
:10407400B2FCB5E0194B5B88002BC6D1194B5B88A9
:10408400002BC2D140F201111548FDF7A4FC48F2FF
:1040940080011348FDF79FFC064B1B790022022187
:1040A400184601F0C5FC9BE0140200209C91000816
:1040B400C89100087C000020E0010020F091000875
:1040C4001492000880010020B00100204C0200205E
:1040D4003492000854920008001401408400002027
:1040E400001801408C00002001000104F8010020A8
:1040F4009A4B1B79012B73D1994803F05BFD9949C5
:104104009948FDF743FC0346002B0DD0974B4FF421
:104114007A525A8040F204419348FDF74DFC40F630
:1041240008019148FDF748FC91498F48FDF72EFCA2
:104134000346002B0BD08F4B45F6C0525A808C4956
:104144008D48FDF739FC8D498B48FDF744FC8549C2
:104154008548FDF71BFC0346002B04D140F20441C3
:104164008148FDF738FC864B5B891A46844B9B8952
:1041740001339A4203DC7E497F48FDF72CFC7949E0
:104184007948FDF703FC0346002B11D17C4B5B8976
:104194001A467B4B9B8901339A4209DC40F2044165
:1041A4007148FDF718FC72497348FDF714FC17E0D9
:1041B4006E4B5B88002BCAD16E4B5B88002BC6D13B
:1041C40040F204416848FDF706FC69496A48FDF776
:1041D40002FC624B1B7900220221184601F028FCE4
:1041E4005E4B1B79012B40F05981664B9B791B0276
:1041F4009BB2644AD27913449AB2634B1A81614BDD
:104204001B7A1B029BB25F4A527A13449AB25F4BE9
:104214001A815C4B9B7A1B029BB25A4AD27A134492
:104224009AB25B4B1A81584B1B891946574B1B8911
:104234001A46574B1B89574803F054FC524B9A8932
:10424400514B1B89D31A9AB24F4B1A814F4B1A897F
:104254004E4B9B8913449AB24C4B1A814C4B1A898E
:104264004B4B9B8913449AB2494B1A81464B1B8989
:104274001946464B1B891A46454B1B89464803F091
:1042840031FC414B1A89404B5B899A421BD23E4B0D
:104294001B8919460120FEF7DBF90346002B0AD0DF
:1042A4002E4B1B7900220221184601F0C1FB3B482A
:1042B40003F080FC30E00121012000F065FC384867
:1042C40003F078FC28E0304B1A892F4B5B899A4223
:1042D4001BD92D4B1B8919460120FEF75FFA0346B3
:1042E400002B0AD01D4B1B7900220221184601F035
:1042F4009FFB2C4803F05EFC0EE00121012000F03E
:1043040043FC294803F056FC06E00121012000F09B
:104314003BFC264803F04EFC1C4B1A891B4B5B8963
:104324009A4249D9194B1B8919460120FEF7EAFA2A
:104334000346002B0AD0094B1B79002202211846A0
:1043440001F076FB1A4803F035FC5BE00221012002
:1043540000F01AFC174803F02DFC53E07C00002009
:10436400649200080800080400180140940000202A
:10437400200020049C000020001001404000400464
:10438400140200204C02002098010020F8010020B3
:10439400E00100207492000888920008A4920008AA
:1043A400AC920008B8920008C0920008CC920008B1
:1043B400D8920008E0920008A34B1A89A24B5B89AB
:1043C4009A421BD2A04B1B8919460120FEF71CFB05
:1043D4000346002B0AD09D4B1B790022022118466C
:1043E40001F026FB9A4803F0E5FB0BE002210120D3
:1043F40000F0CAFB974803F0DDFB03E00221012033
:1044040000F0C2FB944B1A89934B5B899A421BD9E7
:10441400914B1B8919460120FEF764FE0346002BCD
:104424000AD08A4B1B7900220421184601F000FBB4
:104434008A4803F0BFFBC1E20421012000F0A4FB81
:10444400874803F0B7FBB9E2834B1A89824B5B8937
:104454009A421BD2804B1B8919460120FEF7F0FEBD
:104464000346002B0AD0794B1B79002204211846FD
:1044740001F0DEFA7B4803F09DFB9FE2042101205A
:1044840000F082FB784803F095FB97E204210120B9
:1044940000F07AFB754803F08DFB8FE26B4B1B79C0
:1044A400022B40F01881724B9B791B029BB2704A1D
:1044B400D27913449AB26F4B1A816D4B1B7A1B024B
:1044C4009BB26B4A527A13449AB26B4B1A81684B73
:1044D4009B7A1B029BB2664AD27A13449AB25E4B11
:1044E4001A81644B1B891946634B1B891A465A4B24
:1044F4001B89624803F0F6FA5E4B9A895D4B1B896F
:10450400D31A9AB25B4B1A815B4B1A895A4B9B891B
:1045140013449AB2584B1A814F4B1A894E4B9B89BC
:1045240013449AB24C4B1A81524B1B891946524B75
:104534001B891A46484B1B89514803F0D3FA4D4B4B
:104544001A894C4B5B899A4218D24A4B1B891946EB
:104554000120FEF72BFB0346002B07D03B4B1B79B6
:1045640000220221184601F063FA1FE00121012014
:1045740000F00AFB434803F01DFB17E03D4B1B8989
:1045840019460120FEF7B6FB0346002B07D02F4B3C
:104594001B7900220221184601F04AFA06E00121A3
:1045A400012000F0F1FA384803F004FB324B1A8979
:1045B400314B5B899A4218D92F4B1B89194601202C
:1045C400FEF744FC0346002B07D0204B1B79002246
:1045D4000221184601F02CFA1FE02C4803F0EAFAF5
:1045E4000221012000F0D0FA17E0234B1B89194661
:1045F4000120FEF7ADFC0346002B07D0134B1B79BB
:1046040000220221184601F013FA06E0204803F0C4
:10461400D1FA0221012000F0B7FA0F4B1A890E4B90
:104624005B899A423ED90C4B1B8919460120FEF73F
:1046340059FD0346002B2DD0044B1B790022042185
:10464400184601F0F5F9B9E1F80100207C000020DA
:10465400EC920008F4920008E001002000930008A6
:1046640008930008149300081C930008289300087A
:104674004C020020C801002014020020749200089B
:1046840088920008AC920008C0920008CC920008FE
:10469400E09200080421012000F076FA994803F022
:1046A40089FA8BE1984B1B8919460120FEF7C8FD56
:1046B4000346002B07D0954B1B7900220421184692
:1046C40001F0B6F97AE10421012000F05DFA904886
:1046D40003F070FA72E18D4B1B79102B40F085804A
:1046E4008C4B9B791B029BB28A4AD27913449AB2AF
:1046F400894B1A81874B1B7A1B029BB2854A527ADB
:1047040013449AB2854B1A81824B9B7A1B029BB24B
:10471400804AD27A13449AB27B4B1A817E4B1B890E
:1047240019467E4B1B891A46774B1B897C4803F03C
:10473400D9F9794B9A89784B1B89D31A9AB2764B5B
:104744001A81764B1A89754B9B8913449AB2734B21
:104754001A816D4B1A896C4B9B8913449AB26A4B2C
:104764001A810121012000F00FFA4FF4FA7001F0D0
:1047740043FC0221012000F007FA634B1A89624BC3
:104784005B899A4218D9604B1B8919460120FEF7B0
:10479400A9FC0346002B07D05C4B1B7900220421A3
:1047A400184601F045F90CE10421012000F0ECF970
:1047B400544803F0FFF904E1534B1B8919460120C7
:1047C400FEF73EFD0346002B07D0504B1B79002219
:1047D4000421184601F02CF9F3E00421012000F033
:1047E400D3F94B4803F0E6F9EBE0484B1B79202B57
:1047F40040F0E480474B9B791B029BB2454AD27937
:1048040013449AB2474B1A81424B1B7A1B029BB248
:10481400404A527A13449AB2434B1A813D4B9B7AD5
:104824001B029BB23B4AD27A13449AB2364B1A818A
:104834003C4B1B8919463C4B1B891A46324B1B893E
:10484400374803F04FF9374B9A89364B1B89D31AF3
:104854009AB2344B1A81344B1A89334B9B891344D3
:104864009AB2314B1A81284B1A89274B9B891344DE
:104874009AB2254B1A812D4803F09CF9012101209D
:1048840000F082F94FF4FA7001F0B6FB0221012026
:1048940000F07AF91C4B1A891B4B5B899A4218D990
:1048A400194B1B8919460120FEF71CFC0346002BFB
:1048B40007D0164B1B7900220421184601F0B8F8E2
:1048C4007FE00421012000F05FF90E4803F072F943
:1048D40077E00D4B1B8919460120FEF7B1FC034616
:1048E400002B07D0094B1B7900220421184601F044
:1048F4009FF866E00421012000F046F9044803F023
:1049040059F95EE0F4920008E00100207C000020E8
:10491400089300084C020020980100208001002028
:1049240074920008C8010020B001002034930008EC
:10493400264B5A79264B9A71264BFA229A81264B9A
:10494400FA229A81224B9B791946244803F0CAF82B
:104954001F4B9B79184600F0CDF932E01B4B5B7975
:10496400052B2DD11A4B1B79184600F077FA27E056
:10497400164B5A79164B1A71154B1B791946184860
:1049840003F0B0F8124B1B79184600F017FC18E03E
:104994000E4B5B79002B03D1124803F00BF910E0A6
:1049A4000A4B5B7900220821184601F041F808E01F
:1049B40000BF06E000BF04E000BF02E000BF00E06B
:1049C40000BF00BF0C37BD4690BD00BF4C020020A5
:1049D4007C00002080010020B001002048930008E2
:1049E400689300088893000880B590B000AF034630
:1049F400FB710B46BB711346BB80002387F83B3029
:104A0400002387F83F30002387F83A300023BB8720
:104A1400062387F83A3097F83B305A1C87F83B2036
:104A240040333B44F12203F8382C97F83B305A1CAE
:104A340087F83B2040333B44002203F8382C97F896
:104A44003B305A1C87F83B2040333B4497F83A20CC
:104A540003F8382C97F83B305A1C87F83B20403336
:104A64003B44452203F8382C97F83B305A1C87F80E
:104A74003B2040333B44002203F8382C97F83B306A
:104A84005A1C87F83B2040333B44FA7903F8382C0E
:104A940097F83B305A1C87F83B2040333B44BA79A3
:104AA40003F8382CBB881B0A9AB297F83B30591C80
:104AB40087F83B10D2B240333B4403F8382C97F8C4
:104AC4003B305A1C87F83B20BA88D2B240333B446F
:104AD40003F8382C032387F83F300EE097F83F3073
:104AE40040333B4413F8383C1A46BB8F1344BB870E
:104AF40097F83F30013387F83F3097F83A309A1CE3
:104B040097F83F309A42E9DA97F83B305A1C87F815
:104B14003B20BA8FD2B240333B4403F8382C97F889
:104B24003B3040333B44F42203F8382C002387F80D
:104B34003F3015E000BF1348FCF770FE0346002B1E
:104B4400F9D097F83F3040333B4413F8383C1946CA
:104B54000C48FCF7B9FE97F83F30013387F83F3033
:104B640097F83F2097F83B309A42E3D900BF0548B5
:104B7400FCF742FE0346002BF9D000BF4037BD4688
:104B840080BD00BF004C004080B590B000AF03462C
:104B94000A46FB711346BB71002387F83B300023A0
:104BA40087F83F30002387F83A300023BB8704237B
:104BB40087F83A3097F83B305A1C87F83B2040334B
:104BC4003B44F12203F8382C97F83B305A1C87F801
:104BD4003B2040333B44002203F8382C97F83B3009
:104BE4005A1C87F83B2040333B4497F83A2003F89B
:104BF400382C97F83B305A1C87F83B2040333B4411
:104C0400462203F8382C97F83B305A1C87F83B208F
:104C140040333B44002203F8382C97F83B305A1CAD
:104C240087F83B2040333B44FA7903F8382C97F853
:104C34003B305A1C87F83B2040333B44BA7903F895
:104C4400382C032387F83F300EE097F83F30403389
:104C54003B4413F8383C1A46BB8F1344BB8797F880
:104C64003F30013387F83F3097F83A309A1C97F871
:104C74003F309A42E9DA97F83B305A1C87F83B20D8
:104C8400BA8FD2B240333B4403F8382C97F83B3008
:104C940040333B44F42203F8382C002387F83F3098
:104CA40015E000BF1248FCF7B9FD0346002BF9D00C
:104CB40097F83F3040333B4413F8383C19460C48CE
:104CC400FCF702FE97F83F30013387F83F3097F83E
:104CD4003F2097F83B309A42E3D900BF0448FCF7E1
:104CE4008BFD0346002BF9D000BF4037BD4680BD85
:104CF400004C004080B590B000AF0346FB71002328
:104D040087F83B30002387F83F30002387F83A3098
:104D14000023BB87042387F83A3097F83B305A1CAA
:104D240087F83B2040333B44F12203F8382C97F8B2
:104D34003B305A1C87F83B2040333B44002203F8A5
:104D4400382C97F83B305A1C87F83B2040333B44BF
:104D540097F83A2003F8382C97F83B305A1C87F818
:104D64003B2040333B444A2203F8382C97F83B302D
:104D74005A1C87F83B2040333B44002203F8382C6C
:104D840097F83B305A1C87F83B2040333B44FA7970
:104D940003F8382C97F83B305A1C87F83B204033F3
:104DA4003B44002203F8382C032387F83F300EE0FD
:104DB40097F83F3040333B4413F8383C1A46BB8FD6
:104DC4001344BB8797F83F30013387F83F3097F897
:104DD4003A309A1C97F83F309A42E9DA97F83B3018
:104DE4005A1C87F83B20BA8FD2B240333B4403F8B5
:104DF400382C97F83B3040333B44F42203F8382CEA
:104E0400002387F83F3015E000BF1348FCF706FD88
:104E14000346002BF9D097F83F3040333B4413F856
:104E2400383C19460C48FCF74FFD97F83F300133E6
:104E340087F83F3097F83F2097F83B309A42E3D900
:104E440000BF0548FCF7D8FC0346002BF9D000BF8F
:104E54004037BD4680BD00BF004C004080B590B0D7
:104E640000AF0346FB71002387F83F30002387F827
:104E74003E30002387F83B300023BB87092387F8A3
:104E84003B3097F83F305A1C87F83F2040333B446F
:104E9400F12203F8382C97F83F305A1C87F83F204A
:104EA40040333B44002203F8382C97F83F305A1C17
:104EB40087F83F2040333B4497F83B2003F8382CD5
:104EC40097F83F305A1C87F83F2040333B44472231
:104ED40003F8382C97F83F305A1C87F83F204033AA
:104EE4003B44002203F8382C97F83F305A1C87F8CB
:104EF4003F2040333B44FA7903F8382CFB79012BEB
:104F040034D1A64B5B891B0A9AB297F83F30591CDF
:104F140087F83F10D2B240333B4403F8382C9F4B00
:104F24005A8997F83F30591C87F83F10D2B2403362
:104F34003B4403F8382C9A4B5B891B0A9AB297F8C6
:104F44003F30591C87F83F10D2B240333B4403F83A
:104F5400382C934B5A8997F83F30591C87F83F10E7
:104F6400D2B240333B4403F8382CA6E0FB79022B41
:104F740034D18C4B5B891B0A9AB297F83F30591C89
:104F840087F83F10D2B240333B4403F8382C854BAA
:104F94005A8997F83F30591C87F83F10D2B24033F2
:104FA4003B4403F8382C804B5B891B0A9AB297F870
:104FB4003F30591C87F83F10D2B240333B4403F8CA
:104FC400382C794B5A8997F83F30591C87F83F1091
:104FD400D2B240333B4403F8382C6EE0FB79102BFB
:104FE40034D16E4B5B891B0A9AB297F83F30591C37
:104FF40087F83F10D2B240333B4403F8382C674B58
:105004005A8997F83F30591C87F83F10D2B2403381
:105014003B4403F8382C654B5B891B0A9AB297F81A
:105024003F30591C87F83F10D2B240333B4403F859
:10503400382C5E4B5A8997F83F30591C87F83F103B
:10504400D2B240333B4403F8382C36E0FB79202BB2
:1050540033D1544B5B891B0A9AB297F83F30591CE1
:1050640087F83F10D2B240333B4403F8382C4D4B01
:105074005A8997F83F30591C87F83F10D2B2403311
:105084003B4403F8382C4A4B5B891B0A9AB297F8C5
:105094003F30591C87F83F10D2B240333B4403F8E9
:1050A400382C434B5A8997F83F30591C87F83F10E6
:1050B400D2B240333B4403F8382C3E4B5B891B0A85
:1050C4009AB297F83F30591C87F83F10D2B2403358
:1050D4003B4403F8382C374B5A8997F83F30591C16
:1050E40087F83F10D2B240333B4403F8382C0323F3
:1050F40087F83E300EE097F83E3040333B4413F8D7
:10510400383C1A46BB8F1344BB8797F83E300133B3
:1051140087F83E3097F83B309A1C97F83E309A4215
:10512400E9DA97F83F305A1C87F83F20BA8FD2B299
:1051340040333B4403F8382C97F83F3040333B442A
:10514400F42203F8382C002387F83E3015E000BF22
:105154001948FCF763FB0346002BF9D097F83E305F
:1051640040333B4413F8383C19461348FCF7ACFB76
:1051740097F83E30013387F83E3097F83E2097F891
:105184003F309A42E3D900BF0B48FCF735FB034696
:10519400002BF9D000BF4037BD4680BD98010020E8
:1051A400F8010020C8010020140200208001002022
:1051B400B0010020E0010020004C004080B594B014
:1051C40000AF0346FB71002387F84F30002387F8B4
:1051D4004E30002387F84B300023A7F84C300923C6
:1051E40087F84B3097F84F305A1C87F84F205033CC
:1051F4003B44F12203F8382C97F84F305A1C87F8B7
:105204004F2050333B44002203F8382C97F84F309A
:105214005A1C87F84F2050333B4497F84B2003F82F
:10522400382C97F84F305A1C87F84F2050333B44A2
:10523400492203F8382C97F84F305A1C87F84F202E
:1052440050333B44002203F8382C97F84F305A1C53
:1052540087F84F2050333B44FA7903F8382C9B4BA2
:105264005A899A4B9B899A4207D9984B5A89974BEA
:105274009B89D31A9BB2BB8101E00023BB81FB79DC
:10528400012B10D1924B5A89914B9B899A4207D991
:105294008F4B5A898E4B9B89D31A9BB2FB8115E0A5
:1052A4000023FB8112E0FB79102B0FD1894B5A8923
:1052B400884B9B899A4207D9864B5A89854B9B898F
:1052C400D31A9BB2FB8101E00023FB81824B5A89F4
:1052D400814B9B899A4207D97F4B5A897E4B9B8984
:1052E400D31A9BB23B8201E000233B82FB79022B61
:1052F40010D17A4B5A89794B9B899A4207D9774BBB
:105304005A89764B9B89D31A9BB27B8215E0002382
:105314007B8212E0FB79202B0FD1714B5A89704BA1
:105324009B899A4207D96E4B5A896D4B9B89D31A34
:105334009BB27B8201E000237B826A4B5A89694BD2
:105344009B899A4207D9674B5A89664B9B89D31A22
:105354009BB2BB8201E00023BB82FB79012B02D00C
:10536400FB79102B30D1BB891B0A9AB297F84F30C6
:10537400591C87F84F10D2B250333B4403F8382CF1
:10538400BA8997F84F30591C87F84F10D2B250336E
:105394003B4403F8382CFB891B0A9AB297F84F3028
:1053A400591C87F84F10D2B250333B4403F8382CC1
:1053B400FA8997F84F30591C87F84F10D2B25033FE
:1053C4003B4403F8382C35E0FB79022B02D0FB79FF
:1053D400202B2FD13B8A1B0A9AB297F84F30591CC5
:1053E40087F84F10D2B250333B4403F8382C3A8A32
:1053F40097F84F30591C87F84F10D2B250333B44C2
:1054040003F8382C7B8A1B0A9AB297F84F30591C40
:1054140087F84F10D2B250333B4403F8382C7A8AC1
:1054240097F84F30591C87F84F10D2B250333B4491
:1054340003F8382CBB8A1B0A9AB297F84F30591CD0
:1054440087F84F10D2B250333B4403F8382CBA8A51
:1054540097F84F30591C87F84F10D2B250333B4461
:1054640003F8382C032387F84E3010E097F84E30B9
:1054740050333B4413F8383C1A46B7F84C301344C5
:10548400A7F84C3097F84E30013387F84E3097F830
:105494004B309A1C97F84E309A42E7DA97F84F301F
:1054A4005A1C87F84F20B7F84C20D2B250333B44F3
:1054B40003F8382C97F84F3050333B44F42203F868
:1054C400382C002387F84E3024E000BF98010020D8
:1054D400F801002080010020C801002014020020EF
:1054E400B0010020E001002000BF3648FCF796F927
:1054F4000346002BF9D097F84E3050333B4413F851
:10550400383C19462F48FCF7DFF997F84E30013341
:1055140087F84E3097F84E2097F84F309A42E3D9E7
:1055240000BF2848FCF768F90346002BF9D0FB7943
:10553400012B02D0FB79022B12D1234B5B89194634
:10554400224B5B891A46224802F0CCFA214B5B8934
:105554001946214B5B891A46204802F0C3FA17E02A
:10556400FB79102B02D0FB79202B11D1164B5B89D0
:1055740019461B4B5B891A461A4802F0B3FA154BBD
:105584005B891946184B5B891A46184802F0AAFA37
:10559400174B5B891946174802F0A4FABB891946D0
:1055A400FB891A46BB8A144802F09CFA3B8A1946C6
:1055B4007B8A1A46BB8A114802F094FA00BF50371E
:1055C400BD4680BD004C004098010020F801002039
:1055D400A8930008C801002014020020C893000802
:1055E40080010020E8930008B00100200C9400081A
:1055F400E0010020309400084C9400086C940008EA
:1056040080B594B000AF0346FB71002387F84F3098
:10561400002387F84E30002387F84B300023A7F887
:105624004C30092387F84B3097F84F305A1C87F8D1
:105634004F2050333B44F12203F8382C97F84F3075
:105644005A1C87F84F2050333B44002203F8382C6F
:1056540097F84F305A1C87F84F2050333B4497F843
:105664004B2003F8382C97F84F305A1C87F84F20FA
:1056740050333B44482203F8382C97F84F305A1CD7
:1056840087F84F2050333B44002203F8382C97F816
:105694004F305A1C87F84F2050333B44FA7903F8B3
:1056A400382C964B5A89954B9B899A4207D2934B37
:1056B4009A89924B5B89D31A9BB2BB8101E0002388
:1056C400BB818F4B5A898E4B9B899A4207D98C4B4D
:1056D4005A898B4B9B89D31A9BB2FB8101E000232F
:1056E400FB81884B5A89874B9B899A4207D2854B09
:1056F4009A89844B5B89D31A9BB23B8201E00023D5
:105704003B82814B5A89804B9B899A4207D97E4BB5
:105714005A897D4B9B89D31A9BB27B8201E000237B
:105724007B82FB79042B23D1784B9B79022B1FD1ED
:10573400774B5A89764B9B899A4207D9744B5A897D
:10574400734B9B89D31A9BB2FB8101E00023FB813D
:10575400704B5A896F4B9B899A4207D96D4B5A8972
:105764006C4B9B89D31A9BB27B8201E000237B8222
:10577400694B5A89684B9B899A4207D9664B5A8967
:10578400654B9B89D31A9BB2BB8201E00023BB8289
:10579400FB79012B02D0FB79042B30D1BB891B0A86
:1057A4009AB297F84F30591C87F84F10D2B2503341
:1057B4003B4403F8382CBA8997F84F30591C87F8C2
:1057C4004F10D2B250333B4403F8382CFB891B0AE8
:1057D4009AB297F84F30591C87F84F10D2B2503311
:1057E4003B4403F8382CFA8997F84F30591C87F852
:1057F4004F10D2B250333B4403F8382C32E0FB79DB
:10580400022B2FD13B8A1B0A9AB297F84F30591CAE
:1058140087F84F10D2B250333B4403F8382C3A8AFD
:1058240097F84F30591C87F84F10D2B250333B448D
:1058340003F8382C7B8A1B0A9AB297F84F30591C0C
:1058440087F84F10D2B250333B4403F8382C7A8A8D
:1058540097F84F30591C87F84F10D2B250333B445D
:1058640003F8382CBB8A1B0A9AB297F84F30591C9C
:1058740087F84F10D2B250333B4403F8382CBA8A1D
:1058840097F84F30591C87F84F10D2B250333B442D
:1058940003F8382C032387F84E3010E097F84E3085
:1058A40050333B4413F8383C1A46B7F84C30134491
:1058B400A7F84C3097F84E30013387F84E3097F8FC
:1058C4004B309A1C97F84E309A42E7DA97F84F30EB
:1058D4005A1C87F84F20B7F84C20D2B250333B44BF
:1058E40003F8382C97F84F3050333B44F42203F834
:1058F400382C002387F84E3026E000BF98010020A2
:10590400F8010020C8010020140200207C000020BF
:1059140080010020B0010020E001002000BF3548D4
:10592400FBF77CFF0346002BF9D097F84E30503339
:105934003B4413F8383C19462E48FBF7C5FF97F84B
:105944004E30013387F84E3097F84E2097F84F3099
:105954009A42E3D900BF2748FBF74EFF0346002BCA
:10596400F9D0254B9B79012B03D0234B9B79002B3A
:1059740016D1224B5B891946214B5B891A46214B70
:105984005B89214802F0AEF8204B5B891946204B15
:105994005B891A461B4B5B891E4802F0A3F815E08D
:1059A400164B5B8919461C4B5B891A46154B5B8960
:1059B4001A4802F097F8154B5B891946184B5B8916
:1059C4001A46104B5B89174802F08CF8BB891946BC
:1059D400FB891A46BB8A144802F084F83B8A1946AC
:1059E4007B8A1A46BB8A114802F07CF800BF503704
:1059F400BD4680BD004C00407C0000209801002082
:105A0400F8010020E001002090940008C801002063
:105A140014020020B494000880010020D8940008E7
:105A2400B0010020009500084C9400086C94000814
:105A340080B590B000AF0346FB710B46BB711346B3
:105A44007B71002387F83B30002387F83F30002325
:105A540087F83A300023BB87052387F83A3097F854
:105A64003B305A1C87F83B2040333B44F12203F877
:105A7400382C97F83B305A1C87F83B2040333B4482
:105A8400002203F8382C97F83B305A1C87F83B2047
:105A940040333B4497F83A2003F8382C97F83B30CE
:105AA4005A1C87F83B2040333B444E2203F8382CE1
:105AB40097F83B305A1C87F83B2040333B44002284
:105AC40003F8382C97F83B305A1C87F83B204033B6
:105AD4003B44012203F8382C97F83B305A1C87F8D2
:105AE4003B2040333B44BA7903F8382C97F83B30D9
:105AF4005A1C87F83B2040333B447A7903F8382C0E
:105B0400032387F83F300EE097F83F3040333B449F
:105B140013F8383C1A46BB8F1344BB8797F83F30C1
:105B2400013387F83F3097F83A309A1C97F83F30A2
:105B34009A42E9DA97F83B305A1C87F83B20BA8F2F
:105B4400D2B240333B4403F8382C97F83B3040330F
:105B54003B44F42203F8382C002387F83F3015E047
:105B640000BF1648FBF75AFE0346002BF9D097F8FE
:105B74003F3040333B4413F8383C19460F48FBF799
:105B8400A3FE97F83F30013387F83F3097F83F2062
:105B940097F83B309A42E3D900BF0848FBF72CFE44
:105BA4000346002BF9D0F979BA797B79044801F0DE
:105BB40099FF00BF4037BD4680BD00BF004C004088
:105BC4002895000880B500AF00F0F0F900BF80BD53
:105BD40080B500AF12491348FBF7FDFEFFF7F2FF53
:105BE40011491048FBF7F7FEFFF7ECFF0C490D488D
:105BF400FBF7E2FEFFF7E6FF0B490A48FBF7DCFE82
:105C0400FFF7E0FF06490748FBF7E5FEFFF7DAFF79
:105C140005490448FBF7DFFEFFF7D4FF00BF80BD52
:105C240040004004001801408000800480B500AFAB
:105C340008490948FBF7CFFEFFF7C4FF07490648A8
:105C4400FBF7BAFEFFF7BEFF02490348FBF7B4FEB9
:105C540000BF80BD40004004001801408000800463
:105C640080B500AF0A490B48FBF7B5FE0A4909485D
:105C7400FBF7A2FEFFF7A6FF07490648FBF7ABFEBA
:105C840003490448FBF7A7FEFFF79CFF00BF80BD54
:105C940040004004001801408000800480B584B0B6
:105CA40000AF0346FB71FB79BB730023FB7322E057
:105CB40097F90E30002B08DA13491448FBF77CFEE1
:105CC40013491248FBF778FE07E00F490F48FBF72A
:105CD40082FE0F490D48FBF76FFEFFF773FFBB7B96
:105CE4005B00BB730A490948FBF775FEFFF76AFFBF
:105CF400FB7B0133FB73FB7B072BD9D900BF00BFB0
:105D04001037BD4680BD00BF40004004001801406C
:105D14008000800480B582B000AF0023FB711D4970
:105D24001D48FBF749FEFFF74DFF00F0BDF8FFF7F4
:105D340049FF0023BB7121E018491748FBF73CFEDB
:105D4400FB795B00FB71FFF73DFF12491248FBF73B
:105D54001DFE0346012B04D1FB7943F00103FB71C3
:105D640003E0FB7923F00103FB710C490A48FBF7BC
:105D740032FEFFF727FFBB790133BB71BB79072BD9
:105D8400DAD900F0D1F8FFF71DFFFB791846083780
:105D9400BD4680BD400040040018014080008004DE
:105DA40080B584B000AF03460A46FB8013467B717E
:105DB400FB881B0AFB81FB88DBB2BB81FFF708FF72
:105DC400A020FFF76BFFFFF74BFFFB89DBB2184600
:105DD400FFF764FFFFF744FFBB89DBB21846FFF708
:105DE4005DFFFFF73DFF7B791846FFF757FFFFF78D
:105DF40037FFFFF71BFF052000F0FEF800BF103748
:105E0400BD4680BD80B584B000AF0346FB80FB88EF
:105E14001B0AFB81FB88DBB2BB81FFF7D9FEA02004
:105E2400FFF73CFFFFF71CFFFB89DBB21846FFF7C7
:105E340035FFFFF715FFBB89DBB21846FFF72EFFCE
:105E4400FFF70EFFFFF7C4FEA120FFF727FFFFF7C0
:105E540007FFFFF75FFF0346FB72FFF7E7FEFB7ADE
:105E640018461037BD4680BD80B582B000AF0346EA
:105E74000A46FB8013467B717A79FB8811461846E3
:105E8400FFF78EFF00BF0837BD4680BD80B582B0E6
:105E940000AF0346FB80FB881846FFF7B3FF0346B9
:105EA40018460837BD4680BD80B586B000AF3B1D9F
:105EB40000221A605A609A60DA601A61074B7B60AC
:105EC4000823BB600323FB603B1D1946044801F013
:105ED40072F900BF1837BD4680BD00BF40004004C2
:105EE4000018014080B586B000AF3B1D00221A6047
:105EF4005A609A60DA601A61094B7B600123BB60C7
:105F040004233B6101237B610323FB603B1D194692
:105F1400044801F050F900BF1837BD4680BD00BFEA
:105F2400800080040018014080B586B000AF3B1D9E
:105F340000221A605A609A60DA601A61094B7B6029
:105F44000123BB6004233B6101237B610323FB60CA
:105F54003B1D1946044801F02EF900BF1837BD4611
:105F640080BD00BF400040040018014080B582B0ED
:105F740000AF786000BF0C48FBF750FC0346002BD1
:105F8400F9D07B68DBB219460748FBF79DFC00BFDC
:105F94000548FBF731FC0346002BF9D07B68184613
:105FA4000837BD4680BD00BF0044004080B483B0C4
:105FB40000AFFF23FB7100E000BFFB79DBB25A1E88
:105FC400D2B2FA71002BF7D100BF00BF0C37BD4627
:105FD40080BC704780B400AF064B1B68002B04D014
:105FE400044B1B68013B034A136000BFBD4680BCE1
:105FF400704700BF3002002080B582B000AF7860E7
:10600400FBF726FA074A7B68136000BF054B1B6841
:10601400002BFBD1FBF72AFAFBF71AFA00BF08376B
:10602400BD4680BD3002002080B483B000AF7860EC
:1060340039603B68013B064AD35C1A467B681344CB
:106044005B689BB218460C37BD4680BC704700BFE6
:106054004495000880B483B000AF78607B686FF02B
:1060640001021A6100BF0C37BD4680BC704780B482
:1060740083B000AF78607B681B6903F00103012BD8
:1060840001D1012300E0002318460C37BD4680BC33
:10609400704780B483B000AF78607B681B6803F0FE
:1060A4000203022B0CBF01230023DBB218460C377A
:1060B400BD4680BC704780B483B000AF78607B6815
:1060C4001B6803F00803082B0CBF01230023DBB279
:1060D40018460C37BD4680BC704780B483B000AF0F
:1060E40078607B681B6803F01003102B0CBF01233E
:1060F4000023DBB218460C37BD4680BC704780B421
:1061040085B000AF78607B681B68FB60FB687B68C8
:106114005B68FB60FB6800BF1437BD4680BC7047FA
:1061240080B485B000AF78607B681B68FB60FB6857
:106134007B685B68FB60FB6800BF1437BD4680BCAE
:10614400704780B485B000AF78607B681B68FB60E3
:10615400FB687B685B68FB60FB6800BF1437BD4667
:1061640080BC704780B483B000AF786039603B680E
:106174001B0A9AB27B681A6100BF0C37BD4680BC0B
:10618400704780B483B000AF786039603B681B0A05
:106194009AB27B685A6100BF0C37BD4680BC704719
:1061A40080B400AF00BFFDE780B400AF00BFFDE7DF
:1061B40080B400AF00BFFDE780B400AF00BFFDE7CF
:1061C40080B400AF00BFFDE780B400AF00BFBD46A0
:1061D40080BC704780B400AF00BFBD4680BC704730
:1061E40080B400AF00BFBD4680BC704780B500AF2F
:1061F400084B1B680133074A1360064B1B68B3F155
:10620400FF3F02D1034B00221A60FFF7E3FE00BFF9
:1062140080BD00BFD802002080B400AF00BFBD46DF
:1062240080BC704780B400AF00BFBD4680BC7047DF
:1062340080B584B000AF6F48FFF74FFF0346002BD3
:1062440000F0B4806B48FFF77CFF03216A48FFF736
:10625400EBFE0346C3F14003BB60684BDB6F7B601E
:10626400BA687B689A4204D3BA687B68D31AFB6025
:1062740004E0BA687B68D31A4033FB605F4ABB68AA
:10628400D367FB68002B00F0AD805C4BB3F8803023
:106294001A46FB6813441E2B09D9584B0022A3F855
:1062A40080201E220021554801F064FD9FE0BA6859
:1062B4007B689A420FD9514BB3F880301A464F4B42
:1062C400D0187B6838334D4A13440433FA681946AE
:1062D40001F0CBFD1FE07B68C3F140033B60474BFB
:1062E400B3F880301A46454BD0187B683833434A9C
:1062F400134404333A68194601F0B7FD3F4BB3F831
:1063040080301A463B6813443C4A1344BA683C49FB
:10631400184601F0AAFD394BB3F88020FB689BB204
:1063240013449AB2354BA3F88020344BB3F8803031
:10633400022B59D9314B1B78F12B09D02F4B00225A
:10634400A3F880201E2200212C4801F013FD4EE00A
:106354002A4B5B781BB21B021AB2284B9B781BB2E8
:1063640013431BB29AB2254BA3F88A20234BB3F8EC
:1063740080301A46214BB3F88A3005339A4235D31C
:106384001E4BB3F88A3004331C4AD35CF42B09D077
:106394001A4B0022A3F880201E220021174801F086
:1063A400E9FC24E0154B012283F883201148FFF710
:1063B40082FE0346002B0BD00E48FFF7B1FE0321EB
:1063C4000D48FFF731FE0346C3F140030B4AD36780
:1063D4000848FFF75EFE0346002B08D00548FFF788
:1063E4008EFE04E000BF02E000BF00E000BF1037F3
:1063F400BD4680BD004C0040000402404C02002019
:106404008802002080B584B000AF9C48FFF72FFEBF
:106414000346002B00F0AD829848FFF71BFE984B13
:106424001B680133964A1360954B1B68B3F5FA7FDA
:1064340004D194499448FFF7A4FE0BE0904B1B68E9
:10644400B3F57A7F06D38F498F48FFF78BFE8C4BC9
:1064540000221A608D4BDB8A002B05D08B4BDB8A24
:10646400013B9AB2894BDA82894BDB8A002B05D037
:10647400874BDB8A013B9AB2854BDA82854B1B78CA
:106484001846854B9989834A430013440A465A8027
:10649400804B1B780133DAB27E4B1A707D4B1B782C
:1064A400092B4FD97B4B00229A617A4B00221A7038
:1064B4000023FB7315E0774B9A69FB7B75495B00FE
:1064C4000B445B881344734A9361724B9B69734A10
:1064D400A2FB0323DB089AB2714B5A81FB7B013385
:1064E400FB73FB7B092BE6D96D4B5B891A4640F69F
:1064F400E44302FB03F31B0B6A4A5360694B5B687A
:10650400BE3B1846FAF730FB034619466648FAF7CD
:1065140037FC034665491846FAF77EFB03461846DE
:10652400FAF7CAFC0346624AA2FB0323DB085D4A6E
:1065340013605C4B1B689AB25A4B5A81594B5A8967
:106544005C4B5A815C4B1B781846534BD9895A4A89
:10655400430013440A465A80574B1B780133DAB27E
:10656400554B1A70544B1B78092B52D9524B0022AD
:106574009A61514B00221A700023FB7315E04E4BB5
:106584009A69FB7B4C495B000B445B8813444A4A81
:106594009361494B9B69414AA2FB0323DB089AB2EE
:1065A4003F4B9A81FB7B0133FB73FB7B092BE6D9C1
:1065B4003B4B9B891A4640F6E44302FB03F31B0B57
:1065C4003E4A53603D4B5B68BE3B1846FAF7CCFA33
:1065D400034619463448FAF7D3FB034633491846B1
:1065E400FAF71AFB03461846FAF766FC03469BB211
:1065F4002F4AA2FB0323DB089BB21A462F4B1A60D7
:106604002E4B1B689AB22D4B5A812C4B5A892C4B1A
:106614005A812C4B1B7818461F4B198A294A430070
:1066240013440A465A80274B1B780133DAB2254BB0
:106634001A70244B1B78042B40F2AB80214B0022B0
:106644001A700023FB730EE0FB7BFA7B1D495B0091
:106654000B445988530010333B440A4623F8102C4A
:10666400FB7B0133FB73FB7B042BEDD90023FB7312
:106674005CE0FB7B0133BB7352E000BF00140040BD
:10668400DC02002040004004000C0140F80100201E
:1066940014020020E400002034020020CDCCCCCC35
:1066A400AC000020980100200050DC4600007A4431
:1066B400813FE00F8001002000010020C80100207C
:1066C400B001002054010020BB7B5B0010333B442D
:1066D40033F8102CFB7B5B0010333B4433F8103C45
:1066E4009A421AD2FB7B5B0010333B4433F8103CD4
:1066F400BB81BB7BFA7B5B0010333B4433F8101C3B
:10670400530010333B440A4623F8102CBB7B5B0038
:1067140010333B44BA8923F8102CBB7B0133BB7381
:10672400BB7B042BD0D9FB7B0133FB73FB7B032B9B
:106734009FD9BA88914B9A80904B9B881A4640F611
:10674400E44302FB03F31B0B8D4A53608C4B5B68E1
:10675400BE3B1846FAF708FA034619468948FAF781
:106764000FFB034688491846FAF756FA03461846BB
:10677400FAF7A2FB03469BB2844AA2FB0323DB087D
:106784009BB21A467E4B1A607D4B1B689AB27C4BB7
:106794005A817F4B5B8A7F4A127810469B0899B2D4
:1067A4007C4A430013440A465A807A4B1B780133CF
:1067B400DAB2784B1A70774B1B78092B39D9754BA1
:1067C40000229A61734B00221A700023FB732DE0A0
:1067D400704B9A69FB7B6F495B000B445B881344E5
:1067E4006C4A93616B4B9B696B4AA2FB0323DB08E6
:1067F4009AB2624BDA81614BDB891846FAF7B4F935
:1068040003461846F9F770FE4FF00002634BF9F7A0
:10681400EDFF02460B4610461946FAF7CFF8034639
:106824009AB25F4B5A81FB7B0133FB73FB7B092BD1
:10683400CED9574B1B895B4A127810469B0899B2F4
:10684400584A430013440A465A80564B1B78013376
:10685400DAB2544B1A70534B1B78092B39D9514B6C
:1068640000229A614F4B00221A700023FB732DE023
:106874004C4B9A69FB7B4B495B000B445B8813448C
:10688400484A9361474B9B69434AA2FB0323DB08B5
:106894009AB23A4B1A82394B1B8A1846FAF764F9B2
:1068A40003461846F9F720FE4FF000023B4BF9F778
:1068B4009DFF02460B4610461946FAF77FF8034639
:1068C4009AB2394B5A81FB7B0133FB73FB7B092B57
:1068D400CED92F4B1B889B089AB2284B5A822C4B3B
:1068E4005B889B089AB2254B9A82294B9B889B080C
:1068F4009AB2224BDA82264BDB889B089AB21F4B52
:106904001A83234B5B899B089AB21C4B5A83274BEF
:106914005B88002B05D0254B5B88013B9AB2234B47
:106924005A80234B5B88002B05D0214B5B88013BAD
:106934009AB21F4B5A801F4B5B88002B05D01D4B0E
:106944005B88013B9AB21B4B5A801B4B5B88002B24
:1069540005D0194B5B88013B9AB2174B5A80174BF1
:106964005B88002B05D0154B5B88013B9AB2134B17
:106974005A8000BF1037BD4680BD00BFAC00002068
:10698400E00100200050DC4600007A44813FE00F23
:10699400340200201C010020CDCCCCCC00000440EB
:1069A400F801002038010020140200208400002097
:1069B4008C000020940000209C000020A4000020F3
:1069C40080B586B000AFF860B9607A6000237B615F
:1069D4000AE0AFF300800146BB685A1CBA60CAB231
:1069E4001A707B6901337B617A697B689A42F0DBB8
:1069F4007B6818461837BD4680BD80B586B000AFA9
:106A0400F860B9607A6000237B6109E0BB685A1CB6
:106A1400BA601B781846FFF7A9FA7B6901337B61DA
:106A24007A697B689A42F1DB7B6818461837BD4661
:106A340080BD80B483B000AF78604FF0FF33184658
:106A44000C37BD4680BC704780B483B000AF78601B
:106A540039603B684FF400525A60002318460C37E3
:106A6400BD4680BC704780B483B000AF786001231A
:106A740018460C37BD4680BC704780B485B000AF63
:106A8400F860B9607A60002318461437BD4680BCAC
:106A94007047000080B586B000AF7860144A154B8B
:106AA400D31A7B617B693B61134B1B68002B02D1BA
:106AB400114B124A1A60104B1A687B6813443A69E6
:106AC4009A4207D201F0A4F903460C221A604FF04F
:106AD400FF3309E0084B1B68FB60074B1A687B68AF
:106AE4001344054A1360FB6818461837BD4680BD39
:106AF4000000012000040000E00200203004002017
:106B040080B400AF00BFBD4680BC7047FFF7F8FFFC
:106B14000B480C490C4A002302E0D458C4500433F7
:106B2400C4188C42F9D3094A094C002301E01360CC
:106B34000432A242FBD301F071F9FAF76BFF7047FC
:106B44000000002060000020A895000860000020DC
:106B540030040020FEE780B483B000AF7860396071
:106B64007B68DB6A23F470023B681A437B68DA6251
:106B740000BF0C37BD4680BC704780B483B000AF03
:106B840078607B689B6803F00103012B0CBF012331
:106B94000023DBB218460C37BD4680BC704780B575
:106BA40084B000AF786039600023FB737868FFF726
:106BB400E4FF0346002B12D17B685B6823F48072E8
:106BC4003B685B681A437B685A607B689B6823F464
:106BD40000623B681B681A437B689A6001E00123EA
:106BE400FB73FB7B18461037BD4680BD80B584B06F
:106BF40000AF786039600023FB737868FFF7BDFF4E
:106C04000346002B31D13B685B68002B0CD07B68BA
:106C14005B6823F468423B6859683B689B680B4394
:106C24001A437B685A6008E07B685B6823F4684217
:106C34003B685B681A437B685A607B689B6823F4F3
:106C4400602323F481733A6811683A68D268114367
:106C54003A6812690A431A437B689A603B685B6826
:106C640019467868FFF777FF01E00123FB73FB7B8C
:106C740018461037BD4680BD80B485B000AFF860BB
:106C8400B9607A60BB68013B0C4AD35C1A46FB6866
:106C940013441B6823F4FF4323F07003BA68013ADA
:106CA40006498A5C1146FA680A4411467A68134315
:106CB4000B6000BF1437BD4680BC70476495000864
:106CC40080B485B000AFF860B9607A60BB68013BFE
:106CD4000B4AD35C1A46FB6813445B681B0C1B0409
:106CE400BA68013A06498A5C1146FA680A441146B0
:106CF4007A6813434B6000BF1437BD4680BC7047AD
:106D04006495000880B485B000AFF860B9607A601B
:106D1400BB68013B064AD35C1A46FB6813441A4617
:106D24007B68D36000BF1437BD4680BC704700BF8A
:106D34006495000880B485B000AFF860B9607A60EB
:106D4400BB68013B064AD35C1A46FB6813441A46E7
:106D54007B68936000BF1437BD4680BC704700BF9A
:106D64006495000880B483B000AF78607B6801222A
:106D74005A6000BF0C37BD4680BC704780B483B0F6
:106D840000AF78607B6810225A6000BF0C37BD46A4
:106D940080BC704780B483B000AF78607B684FF4E8
:106DA40080725A6000BF0C37BD4680BC704780B407
:106DB40083B000AF78607B684FF480525A6000BFA4
:106DC4000C37BD4680BC704780B483B000AF786098
:106DD4007B684FF480325A6000BF0C37BD4680BCDC
:106DE400704780B483B000AF78607B684FF4801242
:106DF4005A6000BF0C37BD4680BC704780B483B076
:106E040000AF78607B684FF080725A6000BF0C3727
:106E1400BD4680BC7047000080B584B000AF786088
:106E240039605E4BBB600023FB737B685C4A934212
:106E340002D13B68012B64D07B685A4A934202D149
:106E44003B68012B5AD07B68554A934202D13B6878
:106E5400022B50D07B68534A934202D13B68022BE9
:106E640046D07B684E4A934202D13B68032B3CD008
:106E74007B684C4A934202D13B68032B32D07B6837
:106E8400474A934202D13B68042B28D07B68454A89
:106E9400934202D13B68042B1ED07B68404A934244
:106EA40002D13B68052B14D07B683E4A934202D141
:106EB4003B68052B0AD07B68394A934204D13B686E
:106EC400062B01D1384B03E0384B01E0384B02E08C
:106ED40001E0384B02E001E0374B02E001E0374BC0
:106EE40002E001E0364B02E001E0364B02E001E053
:106EF400354B02E001E0354B02E001E0344B01E0A8
:106F040000E0264BBB60BB681B6823F00102BB6832
:106F14001A60BB6800221A60BB6800225A60BB6812
:106F240000229A60BB680022DA603B68012B03D11F
:106F34007868FFF717FF2BE03B68022B03D17868D2
:106F4400FFF71CFF24E03B68032B03D17868FFF7AD
:106F540021FF1DE03B68042B03D17868FFF727FF6E
:106F640016E03B68052B03D17868FFF72DFF0FE08F
:106F74003B68062B03D17868FFF733FF08E03B68D2
:106F8400072B03D17868FFF739FF01E00123FB7376
:106F9400FB7B18461037BD4680BD00BF0800024089
:106FA40000000240000402406C00024080000240E5
:106FB4005804024058000240440402404400024085
:106FC40030040240300002401C0402401C00024015
:106FD4000804024080B584B000AFF860B9607A60FC
:106FE4007B689A687B68DB681A437B681B691A4371
:106FF4007B685B691A437B689B691A437B68DB691E
:107004001A437B685B6A13431A46B968F868FFF74A
:1070140033FE7B685B681A46B968F868FFF772FE4E
:107024007B681B681A46B968F868FFF783FE7B68BB
:107034001B6A1A46B968F868FFF742FE002318462F
:107044001037BD4680BD90B488B000AFF860B96019
:107054007A60FB681A46BB681B0E13441C46226800
:10706400BB687B617B6993FAA3F33B613B69B3FA29
:1070740083F3DBB29B000F2101FA03F3DB431A40D5
:10708400BB68FB61FB6993FAA3F3BB61BB69B3FA09
:1070940083F3DBB29B00796801FA03F313432360A3
:1070A40000BF2037BD4690BC704790B488B000AF95
:1070B400F860B9607A60FB681A46BB681B0E13441B
:1070C4001C462268BB687B617B6993FAA3F33B612E
:1070D4003B69B3FA83F3DBB29B00032101FA03F3A8
:1070E400DB431A40BB68FB61FB6993FAA3F3BB6102
:1070F400BB69B3FA83F3DBB29B00796801FA03F34B
:107104001343236000BF2037BD4690BC704790B442
:1071140088B000AFF860B9607A60FB681A46BB6853
:107124001B0E13441C462268BB687B617B6993FA7F
:10713400A3F33B613B69B3FA83F3DBB29B00042105
:1071440001FA03F3DB431A40BB68FB61FB6993FA62
:10715400A3F3BB61BB69B3FA83F3DBB29B00796829
:1071640001FA03F31343236000BF2037BD4690BCEC
:10717400704780B487B000AFF860B9607A60FB688C
:10718400DA68BB681B0ADB431A40BB681B0A7B61D5
:107194007B6993FAA3F33B613B69B3FA83F3DBB2F4
:1071A40019467B688B401A43FB68DA6000BF1C37C2
:1071B400BD4680BC704780B588B000AF7860396048
:1071C4003B681B681B021B0C7B617B693B613B6951
:1071D40093FAA3F3FB60FB68B3FA83F3DBB2FB61BE
:1071E40044E00122FB699A407B691340002B3AD0AA
:1071F400FB69072B06D840F20112FB6902FA03F37C
:10720400BB6108E0FB69083B4FF0011202FA03F38B
:1072140043F08063BB613B685B68082B06D13B6825
:107224001B691A46B9697868FFF7A3FF3B685B6876
:107234001A46B9697868FFF706FF3B685B68012B5B
:1072440003D03B685B68092B0DD13B689B681A46E9
:10725400B9697868FFF729FF3B68DB681A46B969A2
:107264007868FFF754FFFB690133FB617A69FB69B6
:1072740022FA03F3002BB4D1002318462037BD466D
:1072840080BD000080B400AF034BDB6A03F0F00361
:107294001846BD4680BC70470010024080B400AF61
:1072A400034B5B6803F00C031846BD4680BC704773
:1072B4000010024080B400AF034B5B6803F0F0039E
:1072C4001846BD4680BC70470010024080B400AF31
:1072D400034B5B6803F4E0631846BD4680BC70470B
:1072E4000010024080B400AF034B5B6803F46053AA
:1072F4001846BD4680BC70470010024080B483B07D
:1073040000AF094B5B6803F480337B60064BDB6A98
:107314001B0103F480133B607A683B6813431846EF
:107324000C37BD4680BC70470010024080B400AFEB
:10733400034B5B6803F470131846BD4680BC70476A
:107344000010024080B400AF034BDB6A03F00F036C
:107354001846BD4680BC70470010024080B400AFA0
:10736400034BDB6A03F470631846BD4680BC704768
:107374000010024080B582B000AF786000F020F8C1
:1073840002467B681A607B681B68184600F03EF86A
:1073940002467B685A607B685B68184600F04CF8CC
:1073A40002467B689A607B685B68184600F058F870
:1073B40002467B68DA6000BF0837BD4680BD000026
:1073C40080B582B000AF00237B60FFF767FF034600
:1073D400082B0CD0082B0ED8002B02D0042B03D082
:1073E40009E0094B7B6009E0074B7B6006E000F095
:1073F4004BF8786002E0044B7B6000BF7B68184662
:107404000837BD4680BD00BF00127A0080B582B047
:1074140000AF7860FFF74EFF03461B0903F00F032C
:10742400044AD35C1A467B68D34018460837BD46E5
:1074340080BD00BF4C95000880B582B000AF786075
:10744400FFF744FF03461B0A044AD35C1A467B68D1
:10745400D34018460837BD4680BD00BF5C95000880
:1074640080B582B000AF7860FFF73CFF0346DB0ACB
:10747400044AD35C1A467B68D34018460837BD4695
:1074840080BD00BF5C95000890B583B000AF0023B9
:107494007B6000233B60FFF731FF38603B68B3F546
:1074A400881F17D03B68B3F5881F1ED83B68002B94
:1074B40004D03B68B3F5803F03D016E01A4B7B60E1
:1074C40016E0FFF73FFF03460133184AB2FBF3F31C
:1074D4007B600DE000F02CF80446FFF733FF034611
:1074E4000133B4FBF3F37B6002E00F4B7B6000BF1E
:1074F400FFF71CFF0346B3F5501F0AD0FFF716FF32
:1075040003469B0C03F00F0302337A6802FB03F378
:1075140006E07A6813465B0013449B0013445B083F
:1075240018460C37BD4690BD00093D0000127A0094
:1075340098B500AFFFF712FF03461B0A074A02FB88
:1075440003F303F5740404F51054FFF79BFE03469C
:107554001B090133B4FBF3F3184698BD00127A00FB
:1075640080B483B000AF786039607B683A689A620F
:1075740000BF0C37BD4680BC704780B483B000AFF9
:10758400786039607B683A68DA6200BF0C37BD46C0
:1075940080BC704780B483B000AF786039607B688A
:1075A4003A681A6300BF0C37BD4680BC704780B48C
:1075B40083B000AF78607B685B6943F001027B684D
:1075C4005A6100BF0C37BD4680BC704780B584B09B
:1075D40000AF786039607B681B68FB607B682B4A6E
:1075E40093420FD07B68B3F1804F0BD07B68284A5D
:1075F400934207D07B68274A934203D07B68264A8C
:10760400934206D1FB6823F070023B685B68134326
:10761400FB607B681D4A93420FD07B68B3F1804FB7
:107624000BD07B681A4A934207D07B68194A93426D
:1076340003D07B68184A934206D1FB6823F4407256
:107644003B68DB681343FB607B68FA681A603B683D
:107654009B6819467868FFF790FF3B681B881946BA
:107664007868FFF77DFF7B68084A934205D13B6841
:107674001B6919467868FFF78DFF7868FFF797FF55
:10768400002318461037BD4680BD00BF002C0140C2
:107694000004004000080040000C004080B483B0A7
:1076A40000AF78607B68DB6803F40053B3F5005FD8
:1076B4000CBF01230023DBB218460C37BD4680BC47
:1076C400704780B483B000AF786039607B681B6911
:1076D40023F440523B681A437B681A6100BF0C379D
:1076E400BD4680BC704780B483B000AF7860396019
:1076F4007B685B6923F440723B681A437B685A6178
:1077040000BF0C37BD4680BC7047000080B485B014
:1077140000AFF860B9607A60BA6813469B001344FE
:107724009A001A447B689B00B2FBF3F3254AA2FB40
:1077340003235B099BB21B0199B2BA6813469B00F1
:1077440013449A001A447B689B00B2FBF3F21D4B6E
:10775400A3FB02035B09642000FB03F3D31A1B01A0
:107764003233184AA2FB03235B099BB203F0F003F4
:107774009BB20B4499B2BA6813469B0013449A0017
:107784001A447B689B00B2FBF3F20E4BA3FB02038B
:107794005B09642000FB03F3D31A1B013233094A4B
:1077A400A2FB03235B099BB203F00F039BB20B44C0
:1077B4009BB21A46FB689A6000BF1437BD4680BC72
:1077C400704700BF1F85EB5180B588B000AF78606B
:1077D40039600123FB770023BB617868FFF75EFF04
:1077E4000346002B53D17B68DB6823F4B05323F0AA
:1077F4000C033A6851683A68D26811433A681269CE
:107804000A431A437B68DA603B689B6819467868C8
:10781400FFF757FF3B685B6919467868FFF763FF1A
:1078240007F108031846FFF7A5FD7B681A4A93423F
:1078340002D17B69BB611AE07B68184A934202D18A
:107844003B69BB6113E07B68154A934202D13B69F3
:10785400BB610CE07B68134A934202D13B69BB6174
:1078640005E07B68104A934201D13B69BB61BB6967
:10787400002B0CD03B681B68002B08D00023FB773F
:107884003B681B681A46B9697868FFF73FFFFB7FBE
:1078940018462037BD4680BD0038014000440040F2
:1078A40000480040004C00400050004080B483B0C9
:1078B40000AF786039607A683B68B2FBF3F3074A3B
:1078C400013B5360054B00229A60044B05221A6069
:1078D40000BF0C37BD4680BC704700BF10E000E01D
:1078E40080B582B000AF78604FF47A717868FFF7A2
:1078F400DDFF00BF0837BD4680BD000080B485B001
:1079040000AF78600E4B1B68FB60FB687B68B3F1CB
:10791400FF3F0CD07B6801337B6008E0084B1B6899
:1079240003F48033002B02D07B68013B7B607B68CF
:10793400002BF3D100BF00BF1437BD4680BC704795
:1079440010E000E080B483B000AF7860034A7B6845
:10795400136000BF0C37BD4680BC70470000002098
:10796400002310B50446C0E90033C0E90433836042
:1079740081814366C2818361194608225C3000F02C
:10798400F9F90D4B246263620C4BA3620C4BE36266
:107994000C4B23630C4B9C4206D003F168029442C7
:1079A40002D0D0339C4205D104F15800BDE8104008
:1079B40000F058BA10BD00BFC97B0008EB7B00087B
:1079C400237C0008477C0008E4020020024A0349A3
:1079D400034800F069B800BF0400002019870008BC
:1079E4001400002041680C4B10B59942044601D0A4
:1079F40000F090FEA168094B994202D0204600F0A5
:107A040089FEE168064B994204D02046BDE8104047
:107A140000F080BE10BD00BFE40200204C03002033
:107A2400B403002010B50B4B0B4C0C4A20461A60D3
:107A340004210022FFF794FF04F1680001220921C8
:107A4400FFF78EFF04F1D0000222BDE8104012219E
:107A5400FFF786BF1C040020E4020020D17900084F
:107A6400014800F000BA00BF25040020014800F0DE
:107A7400FBB900BF2504002010B50446FFF7F0FF52
:107A8400236A1BB1BDE81040FFF7F0BF044B23622B
:107A9400044B1B68002BF5D1FFF7C4FFF2E700BFCE
:107AA400E97900081C0400202DE9F84307468846BC
:107AB40014460026D4E90195B9F1010905D52468D5
:107AC400002CF7D13046BDE8F883AB89012B07D9E8
:107AD400B5F90E30013303D029463846C047064372
:107AE4006835E9E70FB407B5064904AB086853F8ED
:107AF400042B8168019300F0E5FA03B05DF804EB10
:107B040004B0704710000020036A70B505460E46A5
:107B140084680BB9FFF7B0FF636EDB0705D4A38954
:107B2400980502D4A06D00F09EF9A389190702D527
:107B34002369002B35D12146284600F0C5F880B3CF
:107B44004FF0FF35636EDA0705D4A3899B0502D491
:107B5400A06D00F089F9284670BD002B04DAA269F3
:107B64009A4217DC0A2915D023685A1C226019701E
:107B7400A36816F8011F013BA3600029EDD1002B77
:107B840011DA22460A21284600F05FF80130D7D0E6
:107B94000A25D7E72246284600F057F80130E7D1F6
:107BA400CEE7013EE4E723685A1C22600A221A70D9
:107BB400EEE70000024B01461868FFF7A5BF00BFBF
:107BC4001000002010B50C46B1F90E1000F0FCF8BE
:107BD4000028ABBF636DA3891B1823F48053ACBF8B
:107BE4006365A38110BD2DE9F0411F468B890546CD
:107BF400DB050C46164605D502230022B1F90E100A
:107C040000F0D0F8A389324623F48053A381284698
:107C14003B46B4F90E10BDE8F04100F0E7B810B5EA
:107C24000C46B1F90E1000F0BDF8431CA38915BF32
:107C3400606523F4805343F48053A38118BFA38168
:107C440010BDB1F90E1000F09DB8F8B50E461446FB
:107C5400054618B1036A0BB9FFF70EFFA369A360C9
:107C6400A3891A0701D5236943B92146284600F0A0
:107C74002BF818B14FF0FF373846F8BD2368226956
:107C8400F6B2981A63693746834205DC21462846D2
:107C940000F040FD0028EDD1A368013BA3602368F8
:107CA4005A1C22601E706269431C9A4204D0A38944
:107CB400DB07E1D50A2EDFD12146284600F02AFD54
:107CC4000028D9D0D6E7000038B5294B05461868F6
:107CD4000C4618B1036A0BB9FFF7CEFEB4F90C30A9
:107CE400190722D4DA0607D409222A6043F0400394
:107CF4004FF0FF30A38133E0580712D5616B41B1D7
:107D040004F14403994202D0284600F0BDF8002350
:107D14006363A38923F02403A3810023636023699D
:107D24002360A38943F00803A38123694BB9A38982
:107D340003F42073B3F5007F03D02146284600F0F6
:107D440036FDB4F90C3013F001020AD00022A2600F
:107D540062695242A261226942B913F08000C5D11E
:107D640038BD990758BF6269A260F4E70020F7E7BD
:107D74001000002003460244934200D1704703F8E8
:107D8400011BF9E738B50023054D044608462B606E
:107D9400FEF74FFE431C02D12B6803B1236038BDAC
:107DA4002004002038B50446084611460022054D3B
:107DB4002A601A46FEF761FE431C02D12B6803B108
:107DC400236038BD2004002038B504460846114617
:107DD4000022054D2A601A46FEF7F2FD431C02D12B
:107DE4002B6803B1236038BD2004002038B5044655
:107DF400084611460022054D2A601A46FEF7FDFD8D
:107E0400431C02D12B6803B1236038BD2004002039
:107E1400014B1868704700BF1000002070B50026A1
:107E24000C4D0D4C641BA410A64209D100F03CFD7E
:107E340000260A4D0A4C641BA410A64205D170BD4D
:107E440055F8043B98470136EEE755F8043B98474C
:107E54000136F2E7A0950008A0950008A095000857
:107E6400A49500087047704770470A44914200F196
:107E7400FF3300D1704710B511F8014B914203F85C
:107E8400014FF9D110BD000038B50546002940D096
:107E940051F8043C0C1F002BB8BFE41800F0DEF8C6
:107EA4001C4A136833B9636014602846BDE838403F
:107EB40000F0DAB8A34208D9206821188B4201BF28
:107EC40019685B6809182160EDE71A465B680BB115
:107ED400A342FAD911685018A0420BD1206801447A
:107EE400501883421160E0D118685B680844106040
:107EF4005360DAE702D90C232B60D6E720682118F7
:107F04008B4201BF19685B68091821606360546083
:107F1400CBE738BD2C04002070B50F4E0C463168F9
:107F2400054611B900F0A2FC30602146284600F055
:107F34009DFC431C03D14FF0FF34204670BDC41C8C
:107F440024F00304A042F8D0211A284600F08EFC45
:107F54000130F2D1EFE700BF280400202DE9F843F7
:107F6400CD1C25F0030508350C2D38BF0C25002D3C
:107F7400064601DBA94204D90C2333600020BDE886
:107F8400F883DFF8D48000F069F8D8F800301C4694
:107F940044BB29463046FFF7BFFF431C044658D173
:107FA400D8F800402746002F43D1002C4BD023683B
:107FB4003946304604EB030900F058FC814542D1B0
:107FC400216830466D1A2946FFF7A6FF01303AD0E2
:107FD40023682B442360D8F800305A6862BBC8F881
:107FE40000700FE02268521B20D40B2A17D96119A4
:107FF400A342256018BF5960636808BFC8F8001021
:1080040062514B60304600F02FF804F10B00231D41
:1080140020F00700C21A1CBF1B1AA350AFE7626806
:10802400A3420CBFC8F800205A60EBE723466468FB
:10803400AEE73C467F68B6E71A465B68A342FBD1CD
:1080440000235360DEE70C233046336000F00CF865
:1080540094E70560D6E700BF2C0400200148FFF731
:1080640002BF00BF240400200148FFF7FDBE00BF8B
:1080740024040020936810B4013B002B936007DABA
:108084009469A34201DB0A2902D110BCFFF7DDBDCC
:108094001368581C10601970084610BC7047F8B576
:1080A40006460F461446D518AC4201D1002007E01D
:1080B4003A46304614F8011BFFF7DCFF431CF3D1AA
:1080C400F8BD00002DE9F04F0D46144698460646CB
:1080D4009DB018B1036A0BB9FFF7CEFC6B6ED907DC
:1080E40005D4AB899A0502D4A86DFFF7BCFEAB8911
:1080F4001B0701D52B699BB929463046FFF7E4FDE0
:1081040070B16B6EDC0704D54FF0FF301DB0BDE8D5
:10811400F08FAB899805F7D4A86DFFF7A5FEF3E7B8
:108124000023099320238DF8293030234FF00109CF
:10813400CDF80C80DFF8A8818DF82A3023469A46C2
:1081440013F8012B0AB1252AF9D1BAEB040B0BD091
:108154005B46224629463046FFF7A1FF013000F076
:10816400A780099A5A4409929AF80030002B00F02B
:108174009F8000234FF0FF32CDE905230AF1010A65
:10818400049307938DF853301A935446052214F838
:10819400011B534800F07AFB049AD8B9D10644BFB6
:1081A40020238DF85330130744BF2B238DF853300D
:1081B4009AF800302A2B15D0544600204FF00A0CB0
:1081C400079A214611F8013B303B092B4BD9B0B13A
:1081D400079214E0A0EB080309FA03F31343A24641
:1081E4000493D2E7039B191D1B680391002BBBBFAB
:1081F4005B4242F0020207930793B8BF04922378CC
:108204002E2B0AD163782A2B32D1039B02341A1DF8
:108214001B68039243EAE3730593DFF8C8A00322C3
:108224005046217800F032FB38B14022049BA0EB89
:108234000A00824013430134049314F8011B0622FC
:1082440029488DF8281000F021FB00283FD0274B47
:108254001BBB039B073323F0070308330393099BDA
:108264003B4409936AE70C4601200CFB0232A8E761
:1082740000234FF00A0C194601340593204610F8E8
:10828400012B303A092A03D9002BC6D00591C4E743
:10829400044601230CFB0121F0E703AB00932A46BB
:1082A4003046134B04A9AFF300800746781CD6D19F
:1082B4006B6ED90705D4AB899A0502D4A86DFFF774
:1082C400D3FDAB895B063FF51FAF09981EE703ABEF
:1082D40000932A463046064B04A900F07DF8E4E7F3
:1082E4006B95000871950008759500080000000062
:1082F400A38000082DE9F047164698468A680B6962
:1083040007469342B8BF1346336091F843200C46A6
:10831400DDF820900AB1013333602368990642BF27
:10832400336802333360256815F0060506D104F17D
:10833400190AE36832689B1AAB422BDC94F8433089
:108344002268003B18BF0123920630D441463846C8
:1083540004F14302C847013023D02368226903F0A3
:108364000603042B14BF002533684FF0000608BF32
:10837400E56804F11A0408BFED1A54F8123C08BF6A
:1083840025EAE5759342C4BF9B1AED18B5421AD18C
:10839400002008E00123524641463846C8470130D0
:1083A40003D14FF0FF30BDE8F0870135C1E730203D
:1083B400E11881F843005A1C94F845102244023312
:1083C40082F84310C2E70123224641463846C84793
:1083D4000130E6D00136D9E72DE9FF470F7E9146FB
:1083E400782F80460C469A460C9E01F1430207D82A
:1083F400622F0AD8002F00F0D180582F00F0B880E7
:1084040004F1420684F842703AE0A7F16303152BA5
:10841400F6D801A151F823F0758400088984000876
:108424000584000805840008058400080584000804
:108434008984000805840008058400080584000870
:108444000584000887850008B38400084185000876
:108454000584000805840008A9850008058400082F
:10846400B3840008058400080584000849850008D1
:1084740033681A1D1B68326004F1420684F84230E6
:1084840001239CE033682068191D3160060601D57C
:108494001D6803E04506FBD5B3F90050002D03DA4F
:1084A4002D236D4284F843300A23584811E0216893
:1084B4003368080653F8045B02D4490648BFADB2DA
:1084C4006F2F336014BF0A2308235048002184F817
:1084D40043106668002EA66005DB21682E4321F058
:1084E400040121604BD01646B5FBF3F103FB115791
:1084F400C75D06F8017D2F46BB420D46F4D9082B13
:108504000BD12368DF0708D5236961689942DEBF70
:10851400302306F8013C06F1FF36921B22614B46DC
:1085240021464046CDF800A003AAFFF7E3FE013040
:108534004AD14FF0FF3004B0BDE8F087236843F020
:10854400200323607827324884F845702368316813
:108554001F0651F8045B02D45F0648BFADB2316018
:10856400D90744BF43F0200323601DB11023ADE7B6
:108574002648E9E7236823F020032360F6E716463C
:10858400BDE733682568181D616930602E061B68D5
:1085940001D5196002E06806FBD519800023164650
:1085A4002361BCE7336800211A1D32601E686268CB
:1085B400304600F06BF908B1801B6060636823618A
:1085C400002384F84330AAE73246494640462369EB
:1085D400D0470130ADD023689B0713D4E068039BD8
:1085E4009842B8BF1846A6E701233246494640469A
:1085F400D04701309DD00135E36803995B1AAB4243
:10860400F2DCEBE7002504F11906F5E77C95000898
:108614008D950008B1F90C20F8B5160705460C46EF
:1086240054D44B68002B02DC0B6C002B48DDE66A4B
:10863400002E45D0002312F480522F68216A2B604B
:1086440030D0626DA389590705D56368D21A636B6C
:108654000BB1236CD21A00232846E66A216AB0477C
:10866400431CA38906D129681D292BD8284ACA404E
:10867400D60727D5002262602269D904226004D576
:10868400421C01D12B6803B96065616B2F60B9B1DD
:1086940004F14403994202D02846FFF7F5FB002376
:1086A40063630DE001232846B0470246501CC9D13C
:1086B4002B68002BC6D01D2B01D0162B1DD12F608B
:1086C400002021E043F040031BB21AE00F69002FA1
:1086D400F6D0930718BF00230E6808BF4B69F61B3A
:1086E4000F608B60002EEBDD33463A462846216A44
:1086F400D4F828C0E047002807DCB4F90C3043F074
:1087040040034FF0FF30A381F8BD0744361AE9E770
:108714000100402038B50B6905460C4613B9002505
:10872400284638BD18B1036A0BB9FFF7A5F9B4F9A7
:108734000C30002BF3D0626ED00704D4990502D418
:10874400A06DFFF790FB28462146FFF763FF636E99
:108754000546DA07E4D4A3899B05E1D4A06DFFF7AD
:1087640083FBDDE770B50C46B1F90E101546002900
:108774001E4696B00CDAA389002113F0800F14BFB3
:1087840040234FF48063002031602B6016B070BD2D
:108794006A4600F049F80028EDDB019901F47041C4
:1087A400A1F50053594259414FF48063EBE78B899B
:1087B400F7B59D0706460C4607D504F14703236029
:1087C40023610123636103B0F0BD6A4601ABFFF787
:1087D400C9FF009F054639463046FFF7BFFB48B93D
:1087E400B4F90C309A05EED423F0030343F00203EA
:1087F400A381E2E7A389C4E9040743F08003A381CA
:10880400019B20605BB13046B4F90E1000F01EF8F5
:1088140028B1A38923F0030343F00103A381A389AF
:108824001D43A581CFE7000038B50023064D04465B
:10883400084611462B60FEF707F9431C02D12B684A
:1088440003B1236038BD00BF2004002038B50023E5
:10885400054D044608462B60FEF705F9431C02D17A
:108864002B6803B1236038BD2004002038B50023F1
:10887400054D044608462B60FEF70CF9431C02D153
:108884002B6803B1236038BD20040020034610B5D3
:10889400C9B202449342184601D1002003E004788F
:1088A40001338C42F6D110BDF8B500BFF8BC08BC4A
:1088B4009E467047F8B500BFF8BC08BC9E4670479A
:1088C400506F776572204F6E00000000454550528E
:1088D4006F6D20496E6974204F4B0000486F6D65C1
:1088E40020506F736974696F6E3A2044313A2025C1
:1088F400642C2048313A2025642C2044323A202527
:10890400642C2048323A2025642C20523A202564D5
:108914000A00000054686973206973205350204D85
:108924006F64652E20546F206F7574206F662074F9
:10893400686973206D6F64652C207265736574209B
:10894400706F7765720000004368312066776400B9
:10895400436831206261636B00000000436831208A
:10896400757000004368312064770000436832204A
:1089740066776400436832206261636B0000000024
:108984004368322075700000436832206477000029
:10899400526F626F7420757000000000526F626F36
:1089A40074206477000000004C656674204368619D
:1089B400697220466F7277617264284431293A20C3
:1089C4002025640A0000000044313A202025640A6E
:1089D40000000000466F72776172642E2E4C65664B
:1089E40074204368616972207265616368207468E9
:1089F40065207461726765743A2025640A0000007A
:108A040054696D65204F76657200000043686169A2
:108A1400723120465744204C696D69742053573A8B
:108A24002025640A000000004368616972312066F1
:108A3400776420627574746F6E2072656C656173FF
:108A4400650000004C6566742043686169722042C9
:108A540061636B77617264284431293A202025646C
:108A64000A0000004261636B776172642E2E4C65CC
:108A7400667420436861697220726561636820745A
:108A84006865207461726765743A2025640A000081
:108A9400436861697231204241434B204C696D69DE
:108AA400742053573A2025640A0000004368616922
:108AB4007231206261636B20627574746F6E207210
:108AC400656C6561736500004C656674204368617C
:108AD4006972205570284831293A202025640A00FB
:108AE40048313A202025640A000000004368616987
:108AF400723120757020627574746F6E2072656CAB
:108B040065617365000000004C656674204368610C
:108B1400697220446F776E284831293A20202564F1
:108B24000A000000476F696E6720646F776E2E2E0F
:108B34004C6566742043686169722072656163687C
:108B440020746865207461726765743A2025640A2C
:108B5400000000004C656674204368616972204817
:108B6400656967687420737461626C652061743A26
:108B74002025640A000000004368616972312064A2
:108B84006F776E20627574746F6E2072656C6561A8
:108B940073650000526967687420436861697220D4
:108BA400466F7277617264284432293A2020256422
:108BB4000A00000044323A202025640A0000000024
:108BC40043686169723220465744204C696D697468
:108BD4002053573A2025640A000000004368616965
:108BE40072322046574420627574746F6E20726529
:108BF4006C6561736500000052696768742043689E
:108C0400616972204261636B77617264284432291E
:108C14003A202025640A00004368616972322042C8
:108C240041434B204C696D69742053573A202564A5
:108C34000A000000436861697232206261636B203C
:108C4400627574746F6E2072656C65617365000083
:108C540052696768742043686169722055702848B6
:108C640032293A202025640A0000000048323A20C4
:108C74002025640A0000000055702E2E5269676892
:108C84007420436861697220726561636820746846
:108C940065207461726765743A2025640A000000D7
:108CA40043686169723220757020627574746F6EE6
:108CB4002072656C65617365000000005269676825
:108CC4007420436861697220446F776E28483229A2
:108CD4003A202025640A0000446F776E2E2E5269D4
:108CE40067687420436861697220726561636820F3
:108CF400746865207461726765743A2025640A009B
:108D040052696768742043686169722048656967BD
:108D1400687420737461626C652061743A20256400
:108D24000A00000043686169723220646F776E2024
:108D3400627574746F6E2072656C65617365000092
:108D4400526F626F74205570284833293A202025C9
:108D5400640A000048333A202025640A0000000019
:108D640055702E2E526F626F742072656163682095
:108D7400746865207461726765743A2025640A001A
:108D8400526F626F7420676F696E67207570206C14
:108D9400696D69743A2025640A000000526F626F9D
:108DA4007420757020627574746F6E2072656C65C2
:108DB40061736500526F626F7420446F776E284848
:108DC40033293A202025640A00000000446F776E9E
:108DD4002E2E526F626F742072656163682074680E
:108DE40065207461726765743A2025640A00000086
:108DF400526F626F7420676F696E6720646F776E5D
:108E0400206C696D69743A2025640A00526F626FA0
:108E14007420646F776E20627574746F6E2072654F
:108E24006C656173650000004368616972312046B6
:108E3400574420427574746F6E0000004368616982
:108E440072312046726F6E74204C617365722064B7
:108E5400697374616E63653A202025640A0000001A
:108E6400436861697231204241434B2042757474F6
:108E74006F6E00004368616972312055502042755D
:108E840074746F6E0000000043686169723220558B
:108E940070204C617365722064697374616E6365DC
:108EA4003A202025640A0000436861697231205524
:108EB4007020506F74656E74696F6D65746572208F
:108EC40064697374616E63653A202025640A000046
:108ED40043686169723120444F574E20427574745F
:108EE4006F6E000043686169723220465744204225
:108EF4007574746F6E0000004368616972322046B5
:108F0400726F6E74204C617365722064697374614E
:108F14006E63653A202025640A0000004368616995
:108F24007232204241434B20427574746F6E0000CC
:108F340043686169723220555020427574746F6EB3
:108F44000000000043686169723220557020506F40
:108F540074656E74696F6D65746572206469737489
:108F6400616E63653A202025640A000043686169E4
:108F7400723220444F574E20427574746F6E000055
:108F8400526F626F7420555020427574746F6E0076
:108F9400526F626F74205570204C61736572206447
:108FA400697374616E63653A202025640A000000C9
:108FB400526F626F7420444F574E20427574746F21
:108FC4006E00000043686169723120465744204CAA
:108FD400696D697420535700436861697231204296
:108FE40041434B204C696D697420535700000000C5
:108FF40043686169723120444F574E204C696D6952
:10900400742053570000000043686169723220469F
:109014005744204C696D6974205357004368616953
:109024007232204241434B204C696D69742053577E
:1090340000000000526F626F74205550204C696D1F
:109044006974205357000000526F626F74204457B4
:10905400204C696D697420535700000052656365A4
:109064006976656420436F6D6D616E643A20307873
:1090740025780A00636865636B73756D2065727289
:109084006F72000053656E64206572726F723A20CD
:1090940025640A00353A202025642C20363A202005
:1090A40025640A004C656674204368616972204235
:1090B40061636B20486F6D65204D53423A20202533
:1090C400642C204C53423A202025640A00000000FE
:1090D4004C656674204368616972204261636B2049
:1090E400486F6D6520506F736974696F6E3A202004
:1090F40025640A004C6566742043686169722044E3
:109104006F776E20486F6D65204D53423A202025BD
:10911400642C204C53423A202025640A00000000AD
:109124004C65667420436861697220446F776E20D1
:10913400486F6D6520506F736974696F6E3A2020B3
:1091440025640A0052696768742043686169722063
:109154004261636B20486F6D65204D53423A202075
:1091640025642C204C53423A202025640A00000038
:109174005269676874204368616972204261636B55
:1091840020486F6D6520506F736974696F6E3A2063
:109194002025640A0000000052696768742043684F
:1091A40061697220446F776E20486F6D65204D535E
:1091B400423A202025642C204C53423A2020256436
:1091C4000A0000005269676874204368616972206C
:1091D400446F776E20486F6D6520506F73697469B2
:1091E4006F6E3A202025640A00000000526F626FFF
:1091F4007420446F776E20486F6D65204D53423A5A
:10920400202025642C204C53423A202025640A0057
:10921400526F626F7420446F776E20486F6D6520C3
:10922400506F736974696F6E3A202025640A0000D8
:10923400436F6D6D616E642030783436203A205768
:10924400686963682043686169723A2025640A008A
:109254004D6F766520526967687420486F6D6500AC
:109264004D6F7665204C65667420486F6D6500000F
:109274005461726765743A2025642C2025642C207F
:1092840025640A00546172676574202B20686F6D31
:10929400653A2025642C2025642C2025640A0000CE
:1092A4006572726F72310000726573706F6E7365F0
:1092B400310000006572726F723200007265737063
:1092C4006F6E736532000000726573706F6E736544
:1092D400330000006572726F723300007265737040
:1092E4006F6E7365340000006572726F7234000033
:1092F400726573706F6E7365350000006572726F0E
:1093040072350000726573706F6E7365360000000D
:109314006572726F72360000726573706F6E73657A
:1093240037000000726573706F6E7365380000005B
:109334004865616C6572626F7420484D20524947DC
:1093440048540000436F6D6D616E64203078344181
:10935400203A204D6F64656C204E616D653A20257E
:10936400640A0000436F6D6D616E64203078343997
:10937400203A2057686963682043686169723A201B
:1093840025640A004D616E75616C2061646A7573B1
:10939400746D656E7420726573706F6E7365206F83
:1093A4006B0000004C6566742043757272656E74C0
:1093B40020506F736974696F6E3A2025642C2025E0
:1093C400640A000052696768742043757272656E9E
:1093D4007420506F736974696F6E3A2025642C2071
:1093E40025640A00484D204C6566742043757272EA
:1093F400656E7420506F736974696F6E3A202564CA
:109404002C2025640A000000484D205269676874C6
:109414002043757272656E7420506F736974696F3E
:109424006E3A2025642C2025640A0000524F424FD6
:10943400542043757272656E7420506F7369746939
:109444006F6E3A2025640A004C6566742064696670
:109454006620506F736974696F6E3A2025642C20FE
:1094640025642C2025640A005269676874206469A5
:10947400666620506F736974696F6E3A2025642C98
:109484002025642C2025640A000000004C656674C5
:109494002043757272656E7420506F736974696FBE
:1094A4006E3A2025642C2025642C2025640A0000B3
:1094B40052696768742043757272656E7420506FC8
:1094C400736974696F6E3A2025642C2025642C20FE
:1094D40025640A00484D204C6566742043757272F9
:1094E400656E7420506F736974696F6E3A202564D9
:1094F4002C2025642C2025640A000000484D2052AD
:10950400696768742043757272656E7420506F7356
:109514006974696F6E3A2025642C2025642C2025FB
:10952400640A00004552523A2025642C2025642CFC
:109534002025640A00000000081C3044586C800098
:10954400081C3044586C800000000000000000003B
:1095540001020304060708090000000001020304D5
:10956400081C3044586C80232D302B2000686C4C30
:109574000065666745464700303132333435363747
:10958400383941424344454600303132333435366C
:0C959400373839616263646566000000CE
:0495A00009020008B4
:0495A400E5010008D5
:1095A80000127A000000000003000000E40200201E
:1095B8001400002000000000E40200204C030020FA
:1095C800B4030020000000000000000000000000BC
:1095D8000000000000000000000000000000000083
:1095E8000000000000000000000000000000000073
:1095F8000000000000000000000000000000000063
:0400000508006B1173
:00000001FF
